Filename,Instance_Number,Objective_Index,Additional infos_gap,Additional infos_computation_time,Additional infos_obj,Additional infos_solved,Metrics_Envy Freeness,Metrics_Relative Mean Deviation,Metrics_Gini Coefficient,Metrics_Jain's Fairness Index,Metrics_Energy Shortfall,Metrics_Relative Range,Metrics_Coefficient of Variation,Metrics_Hoover Index,Metrics_Utility
solution_39_obj=3_h_lns_mip.log,39,3,2.347634,3602.526175,-22896.950104,0,0.17395104523193358,1.3842067550127457,0.7326665758373706,0.2821222932647453,948.7844309999991,4.1778864001281235,1.5951683740511855,0.6921033775063729,0.23504761983005829
solution_40_obj=9_h_lns_mip.log,40,9,0.0,88.9309,46.814286,1,0.0,0.0,0.0,1.0,3604.6997910000005,0.0,0.0,0.0,1.0
solution_18_obj=0_h_lns_mip.log,18,0,0.057778,3634.193884,51.787687,0,0.18500186597515397,1.29670782658013,0.7108907227464673,0.30658868719430704,2893.9580319999986,3.859394771087169,1.5038945950178666,0.6483539132900651,0.25893833011930534
solution_36_obj=8_h_lns_mip.log,36,8,0.098334,3611.193996,0.179818,0,0.1249845033147113,0.8239609501003573,0.5273110278956631,0.5275102265953265,1228.6193709999989,2.8254656744995463,0.9464131473261544,0.41198047505017865,0.23465213457672565
solution_43_obj=5_h_lns_mip.log,43,5,0.26666,3614.715848,0.254493,0,0.022885528248198773,0.06246071221814687,0.050996303070052165,0.9807237588057597,3312.334984,1.4330249834220454,0.14019671176352225,0.031230356109073435,0.44652453680176746
solution_8_obj=0_h_lns_mip.log,8,0,0.051372,3609.728344,15.424643,0,0.1238404216011479,1.4212351903421614,0.7948449031810119,0.20615378652674643,863.1730869999991,6.477785370838928,1.9623322021684397,0.7106175951710807,0.1542464660646066
solution_12_obj=7_h_lns_mip.log,12,7,0.577214,3610.99394,0.262842,0,0.07068930571621343,0.22144981547249531,0.16182900408718576,0.9089462445568632,3298.466814999999,1.9448603838174099,0.3165044580184734,0.11072490773624766,0.43463073621672577
solution_32_obj=7_h_lns_mip.log,32,7,0.613076,3605.245973,0.170723,0,0.03156244516609259,0.15117315664506925,0.10554233349247062,0.954612844674592,1071.7498049999992,1.7003003066296545,0.21804837030234978,0.07558657832253461,0.29605959694515077
solution_1_obj=3_h_lns_mip.log,1,3,2.614339,3601.431982,-21697.682714,0,0.15707062909512412,1.4610553283003922,0.766356061272838,0.2428362562462602,805.4651429999991,4.816414961532721,1.76578629005091,0.730527664150196,0.2029081919778962
solution_33_obj=9_h_lns_mip.log,33,9,0.0,81.873431,44.442857,1,0.0,0.0,0.0,1.0,3422.100065999999,0.0,0.0,0.0,1.0
solution_6_obj=4_h_lns_mip.log,6,4,0.551834,3603.305942,0.619455,0,0.02377316787234648,0.06261904765055668,0.04047899525253065,0.9928038945977979,1946.880529999999,0.4051723708971221,0.08513674106291556,0.03130952382527834,0.5814234282940077
solution_44_obj=5_h_lns_mip.log,44,5,0.339242,3616.178531,0.290101,0,0.05086712067567074,0.1422528146996601,0.11556722474144741,0.9319502854198471,3350.9207130000013,2.048729942726314,0.27021955917479573,0.07112640734983007,0.437951029675814
solution_48_obj=9_h_lns_mip.log,48,9,0.0,600.554756,95.628571,1,0.0,0.0,0.0,1.0,7363.399505000001,0.0,0.0,0.0,1.0
solution_6_obj=5_h_lns_mip.log,6,5,0.410338,3602.493837,0.233703,0,0.03558192668765093,0.12393832657825059,0.10256034198217134,0.9421480638380615,1205.1213299999993,1.796673219496895,0.24779889714291395,0.06196916328912529,0.3434671408067115
solution_2_obj=8_h_lns_mip.log,2,8,0.110074,3609.102627,0.221053,0,0.13410677339268026,0.7023112336664589,0.4310576344399391,0.6262374754808545,1548.0541859999994,2.516311857029163,0.7725531197049833,0.35115561683322943,0.30799989386860444
solution_6_obj=1_h_lns_mip.log,6,1,0.063596,3601.618824,6.149576,0,0.07840365607206429,0.5623587904992071,0.37560759275437594,0.6944310468710408,864.8832499999994,2.7951867984127032,0.663345899018144,0.28117939524960356,0.20665082657714526
solution_38_obj=8_h_lns_mip.log,38,8,0.112691,3611.957997,0.170603,0,0.11815825816372533,0.7561767198071644,0.5244480498252464,0.49519863232474065,1101.4758789999996,4.334741263675903,1.0096492875794154,0.37808835990358214,0.22304721243804113
solution_41_obj=8_h_lns_mip.log,41,8,0.073636,3624.540549,0.199473,0,0.1434296398931348,0.8543536728452151,0.5585265418785543,0.4802360928201759,2557.9419459999986,3.8515132414381044,1.040340871386766,0.42717683642260756,0.25551604264618405
solution_34_obj=0_h_lns_mip.log,34,0,0.035878,3606.217086,20.102778,0,0.15132946220364313,1.3132722280960416,0.7452512362686594,0.2733990286095569,1149.363795999999,4.969122837829993,1.630232337005095,0.6566361140480208,0.20102773439425664
solution_36_obj=2_h_lns_mip.log,36,2,3.604024,3601.663964,-398.32197,0,0.17629851210791128,1.434563996700655,0.7439541931874666,0.26511834728728584,1300.6185709999986,4.194239058135087,1.6649025194647598,0.7172819983503275,0.2346052063219568
solution_47_obj=9_h_lns_mip.log,47,9,0.0,552.351013,90.457143,1,0.0,0.0,0.0,1.0,6965.199625999998,0.0,0.0,0.0,1.0
solution_16_obj=5_h_lns_mip.log,16,5,0.333271,3617.392436,0.324375,0,0.07224447262359461,0.19923685464184634,0.15991381847246622,0.9076640673247168,3441.485907999999,2.0831538985148743,0.3189501411657604,0.09961842732092317,0.4495124370559237
solution_9_obj=6_h_lns_mip.log,9,6,0.53628,3604.29288,0.274277,0,0.07598674107567628,0.3876579292025481,0.2733332880486484,0.7992373909645604,1039.3197359999995,1.9190893474578252,0.5011912944032157,0.19382896460127405,0.275220315103117
solution_41_obj=2_h_lns_mip.log,41,2,4.113072,3605.493403,-702.534021,0,0.19702023264661161,1.2754529489847943,0.6772580359847805,0.3427574067177431,2715.0006659999976,3.3914108693450875,1.3847437897846036,0.6377264744923972,0.28945412393420844
solution_3_obj=2_h_lns_mip.log,3,2,3.417386,3601.568275,-411.752314,0,0.15494544791343148,1.4674196641390616,0.7680137420198195,0.24101953873755233,1038.1375339999993,4.919886208931032,1.774553807483424,0.7337098320695307,0.19973079261690865
solution_40_obj=8_h_lns_mip.log,40,8,0.0622,3610.261258,0.147193,0,0.11089760367797503,0.9432322387141153,0.598340780756369,0.4124420125966293,953.119950999999,5.272432765741819,1.1935590732356833,0.4716161193570577,0.18348845870477082
solution_34_obj=6_h_lns_mip.log,34,6,0.492147,3605.141984,0.306921,0,0.09484984348732307,0.4225536720552756,0.2896320263663463,0.77830367739449,1330.8687559999994,1.8759763405368723,0.5337092175198448,0.21127683602763783,0.3242091222801337
solution_9_obj=1_h_lns_mip.log,9,1,0.206318,3601.859914,6.321461,0,0.0941689944584147,0.7770583156747503,0.4928324286180214,0.5660703274678108,860.1589359999994,2.834853637994116,0.8755369497970448,0.3885291578373751,0.18916633545250736
solution_1_obj=2_h_lns_mip.log,1,2,3.175799,3601.382081,-423.114676,0,0.12582494475345687,1.5615543224415473,0.814052244237352,0.1761791354806124,749.8750629999989,6.329911029829712,2.162415552297202,0.7807771612207738,0.15302051703404415
solution_12_obj=6_h_lns_mip.log,12,6,0.419272,3625.366639,0.322925,0,0.1001050447746507,0.3421422589435823,0.2545441534457027,0.820602737916592,3022.525694999999,2.394515229505469,0.4675643866661701,0.17107112947179115,0.39130546980731795
solution_1_obj=5_h_lns_mip.log,1,5,0.414166,3601.995001,0.242555,0,0.033151622026966164,0.09398367485570706,0.08391167884380392,0.9543315251723522,1352.3241829999993,1.7358600572143479,0.2187553175367237,0.04699183742785353,0.39112679258615635
solution_34_obj=3_h_lns_mip.log,34,3,1.442905,3601.714374,-30496.374403,0,0.20085702566900898,1.2255146467020843,0.6668281915311727,0.3619846375239481,1245.4743559999995,3.300082654408218,1.3276099486053445,0.6127573233510423,0.2982004329416904
solution_8_obj=7_h_lns_mip.log,8,7,0.639414,3603.508569,0.201363,0,0.042004872693414096,0.17567139527317335,0.11854080481341493,0.9480802595092892,1268.3778869999992,1.7490089055206552,0.2340150046521079,0.08783569763658666,0.3508059864443737
solution_37_obj=2_h_lns_mip.log,37,2,3.645116,3601.336144,-421.1459,0,0.14885166254853824,1.507184002402159,0.7850044785566676,0.21945074414299617,1032.400396999999,5.242233207851206,1.8859563118331788,0.7535920012010794,0.18772268177883503
solution_19_obj=9_h_lns_mip.log,19,9,0.0,758.096065,99.414286,1,0.0,0.0,0.0,1.0,7654.899791,0.0,0.0,0.0,1.0
solution_18_obj=5_h_lns_mip.log,18,5,0.354008,3628.022149,0.321811,0,0.06008037240862458,0.14718192809002198,0.12041712846007188,0.9277834592241985,3800.1433119999983,1.9930186876120821,0.2789941056843364,0.07359096404501099,0.4964407581468145
solution_7_obj=8_h_lns_mip.log,7,8,0.07274,3608.888881,0.196076,0,0.1513055897788534,1.0085955433710483,0.6219413807743591,0.4148270110262447,1231.587188999999,4.085546069505171,1.187705101860951,0.5042977716855241,0.24084670760219076
solution_32_obj=5_h_lns_mip.log,32,5,0.405973,3602.091367,0.20639,0,0.01820262331032865,0.06596261461615226,0.051959861082436824,0.9877516832628285,1225.4597249999997,0.7585159128744319,0.1113561776170266,0.03298130730807613,0.3468176531233332
solution_16_obj=4_h_lns_mip.log,16,4,0.483374,3620.070962,0.89318,0,0.1585372362490631,0.8779722051707072,0.5239172388931954,0.5293464080043713,2729.531027999999,2.9629723083017714,0.9429327144264622,0.4389861025853536,0.30108677164557557
solution_2_obj=1_h_lns_mip.log,2,1,0.140097,3603.536372,14.960783,0,0.1254927212947241,0.5775115181428903,0.3872897674403867,0.6878301998800367,1550.0634659999996,2.454355491976998,0.6736818130340722,0.28875575907144513,0.3207877009064044
solution_33_obj=5_h_lns_mip.log,33,5,0.468,3603.279406,0.229082,0,0.02349570094807089,0.06716093888234911,0.059489803856445506,0.9699870987135029,1368.2810259999992,1.6769838019737848,0.17590209458279965,0.03358046944117456,0.3910038768109025
solution_46_obj=1_h_lns_mip.log,46,1,0.095893,3609.949233,25.454078,0,0.11730175726611687,0.5962811650609945,0.39916613989714567,0.6717698057282562,2620.488828999997,2.757771092551056,0.6990029765897087,0.29814058253049724,0.29239766807339895
solution_3_obj=7_h_lns_mip.log,3,7,0.585201,3602.656305,0.193233,0,0.04157564275017322,0.17820268543459233,0.12684369618533017,0.9380261287514646,1225.6703339999992,1.863105873700528,0.25703771089699057,0.08910134271729617,0.3244929591339962
solution_32_obj=6_h_lns_mip.log,32,6,0.56853,3604.163428,0.276325,0,0.0770258732458221,0.4181324090047425,0.2863153557515229,0.785817074320842,987.3600449999992,1.8983904665235416,0.5220735522448607,0.20906620450237123,0.2663343512023923
solution_32_obj=4_h_lns_mip.log,32,4,0.621853,3603.518744,0.66512,0,0.04080720818026566,0.09985125678906757,0.06734880339835488,0.9781321283970217,2116.910285,0.7040233254552095,0.14952179273373326,0.04992562839453379,0.5998493523264237
solution_43_obj=9_h_lns_mip.log,43,9,0.0,541.83238,94.471429,1,0.0,0.0,0.0,1.0,7274.300263999999,0.0,0.0,0.0,1.0
solution_35_obj=5_h_lns_mip.log,35,5,0.430402,3603.561939,0.25861,0,0.03126711518433212,0.09395202222451865,0.07313194621887875,0.967866357514197,1601.3255999999994,1.379788187177715,0.1822100308248459,0.046976011112259325,0.4232684296387286
solution_35_obj=3_h_lns_mip.log,35,3,1.188119,3604.205842,-27367.444409,0,0.18499993756532143,1.3325700507938596,0.7045664237021954,0.3153909960263366,1201.143999999999,3.7755279019592893,1.4733185536674966,0.6662850253969298,0.25994701426061984
solution_44_obj=4_h_lns_mip.log,44,4,0.534125,3619.518351,0.850654,0,0.1499213543676397,0.7747097612415371,0.4858583930110541,0.574611265469361,2803.3919129999986,2.767133862041101,0.8604109406654754,0.38735488062076856,0.3070272115118276
solution_39_obj=6_h_lns_mip.log,39,6,0.554384,3604.109101,0.289606,0,0.08348612116974927,0.4658570834059539,0.3245399970044314,0.7505907562216202,983.2770709999986,2.2195400875918114,0.5764407399220046,0.23292854170297694,0.2546720303227309
solution_39_obj=4_h_lns_mip.log,39,4,0.486503,3605.463537,0.583403,0,0.026598061488493214,0.07515477602390246,0.04924525429998353,0.9910579143490973,1925.9642709999991,0.4409218115148342,0.09498825198571892,0.03757738801195123,0.5347130652063043
solution_31_obj=8_h_lns_mip.log,31,8,0.066123,3607.194675,0.106071,0,0.09255133744458245,1.2991588289732234,0.7661657563525379,0.2181362165461492,628.1151449999994,8.220339478448121,1.8932225132353597,0.6495794144866117,0.11959007996694818
solution_7_obj=1_h_lns_mip.log,7,1,0.139584,3601.658472,12.051103,0,0.12031554686861502,0.6554342411178223,0.4295824841157137,0.6379607615225963,1231.587188999999,2.9927001242587323,0.7533223238861815,0.3277171205589111,0.27727478611033
solution_42_obj=7_h_lns_mip.log,42,7,0.56412,3614.13345,0.27819,0,0.09243803242707649,0.3119475746971545,0.22254244350492747,0.8569167069834314,3203.092745999998,2.0510954016458327,0.4086252114070849,0.15597378734857723,0.41329573278861664
solution_14_obj=7_h_lns_mip.log,14,7,0.567634,3615.541621,0.290872,0,0.10052484804038941,0.32833956302210715,0.23298603405585402,0.8475622962546,3295.3266149999995,2.252275339412097,0.4240922973756077,0.16416978151105355,0.4293056629145892
solution_15_obj=5_h_lns_mip.log,15,5,0.471759,3619.76482,0.383563,0,0.10855494803062599,0.32443646076928095,0.24399096406073933,0.8309607626956895,3401.7446259999992,1.9450052666449724,0.4510279997528582,0.16221823038464048,0.44268923526029036
solution_43_obj=0_h_lns_mip.log,43,0,0.03605,3629.491888,46.490221,0,0.16897521475973384,1.287111881434334,0.7232930652715879,0.2972012096819659,2665.681703999997,4.299161505282855,1.5377658648709465,0.643555940717167,0.23245119683651896
solution_14_obj=0_h_lns_mip.log,14,0,0.0409,3630.410606,52.505961,0,0.18344715803705744,1.226492103525296,0.6952731657323586,0.32960499520501174,2767.555734999998,3.80595085678581,1.4261607911341192,0.613246051762648,0.26252979583155533
solution_10_obj=7_h_lns_mip.log,10,7,0.525346,3604.539508,0.181657,0,0.03655289188531574,0.15977350311271857,0.11509976089692572,0.9510862935747687,1211.1813629999995,1.6048848337092405,0.2267802996697705,0.07988675155635928,0.31439998384418233
solution_44_obj=2_h_lns_mip.log,44,2,4.091216,3607.176215,-691.059129,0,0.20723092220565523,1.243374992055017,0.6557621584717621,0.36426765014682455,2916.246472999997,3.121970969644949,1.3210731128242514,0.6216874960275085,0.31443529476472837
solution_31_obj=0_h_lns_mip.log,31,0,0.060966,3603.564493,11.546655,0,0.09698588966960801,1.5251454793732482,0.8315481639627593,0.15179329669811145,624.0965849999994,8.654843264706887,2.3638752499081135,0.7625727396866241,0.11546658983088298
solution_18_obj=1_h_lns_mip.log,18,1,0.133995,3630.559612,29.752149,0,0.12759597913890391,0.5971982497844335,0.4027165355529249,0.6680869077642698,2892.6185119999977,2.817803590878717,0.7048483884634772,0.29859912489221674,0.31525400135084714
solution_9_obj=3_h_lns_mip.log,9,3,1.934843,3601.881945,-29110.147634,0,0.1602239681588963,1.4257170436577788,0.7550268044667299,0.2602027770878948,913.7397359999995,4.580414167721741,1.6861662203764025,0.7128585218288894,0.210087545950557
solution_37_obj=0_h_lns_mip.log,37,0,0.07312,3605.366241,15.753956,0,0.12313190107310865,1.3675337480378766,0.773776819070625,0.23142464101713034,908.4947969999993,6.343449438764586,1.822377853251388,0.6837668740189383,0.15753971824690968
solution_10_obj=1_h_lns_mip.log,10,1,0.145446,3602.524128,7.454866,0,0.09317577165391407,0.6418297419035385,0.4189434464141601,0.6503181091044544,1009.248722999999,2.46285341840562,0.733286428213753,0.32091487095176924,0.22018249653244099
solution_32_obj=3_h_lns_mip.log,32,3,1.688455,3602.491843,-29252.620525,0,0.160454966731332,1.4556569462649536,0.764726331771516,0.24490363354569367,865.4637249999987,4.72582716371529,1.7559153520087025,0.7278284731324769,0.20772191366293793
solution_18_obj=6_h_lns_mip.log,18,6,0.355466,3625.237493,0.318009,0,0.0946839554247028,0.31358147238603407,0.23482690751769447,0.8416097208887497,3168.5596319999963,2.333521197872741,0.4338193212372706,0.15679073619301703,0.4011913994160997
solution_8_obj=9_h_lns_mip.log,8,9,0.0,91.295917,45.028571,1,0.0,0.0,0.0,1.0,3467.199967000001,0.0,0.0,0.0,1.0
solution_15_obj=6_h_lns_mip.log,15,6,0.428275,3622.076425,0.331702,0,0.10500828797260618,0.3617914632019198,0.25725181050501933,0.8190202118819917,3204.165425999998,2.416924216898335,0.47007562049335855,0.18089573160095992,0.4061516470093207
solution_5_obj=3_h_lns_mip.log,5,3,1.555787,3601.672659,-27587.933648,0,0.20726884352831138,1.2491064659891788,0.661759241875955,0.35935433684708035,1363.0994159999996,3.1669651266706063,1.3352036166102503,0.6245532329945895,0.3100767501355008
solution_33_obj=6_h_lns_mip.log,33,6,0.562402,3604.441539,0.273085,0,0.07356585534334956,0.4547238810198583,0.3148611249385055,0.7567357203454934,906.1466259999991,2.5676069788229356,0.5669791051467005,0.22736194050992914,0.23130895185660208
solution_31_obj=2_h_lns_mip.log,31,2,2.302749,3601.006131,-431.218669,0,0.11381996828134525,1.5752604545008175,0.8246508537091227,0.16538404794472247,696.4306649999993,7.1942569541445325,2.2464488362196233,0.7876302272504088,0.13664178978498717
solution_45_obj=0_h_lns_mip.log,45,0,0.076961,3624.497876,47.640011,0,0.17231877581672161,1.3018626410676484,0.7198035612024812,0.29626169675960257,2539.796573999997,4.195929012883444,1.5412313766513612,0.6509313205338242,0.23819996340557906
solution_14_obj=6_h_lns_mip.log,14,6,0.390682,3626.336064,0.32318,0,0.09874259275611047,0.33470190101752184,0.24446251144185438,0.8317438941862463,3132.909814999999,2.2601134946414803,0.449770125941619,0.16735095050876092,0.4018975310891323
solution_34_obj=5_h_lns_mip.log,34,5,0.436239,3604.208613,0.276544,0,0.03235925807921739,0.0795084310174142,0.0676458306489418,0.9728198605890103,1825.1516359999991,1.2531693131815647,0.1671512488836358,0.03975421550870711,0.47357930549598654
solution_16_obj=1_h_lns_mip.log,16,1,0.113662,3606.796956,28.715101,0,0.13272468146097396,0.669156543055348,0.44086659248649435,0.6249636605974666,2690.0151879999994,3.019247436866945,0.7746567202831091,0.334578271527674,0.29954879844454085
solution_46_obj=9_h_lns_mip.log,46,9,0.0,503.997579,89.457143,1,0.0,0.0,0.0,1.0,6888.199549000002,0.0,0.0,0.0,1.0
solution_10_obj=8_h_lns_mip.log,10,8,0.066639,3611.517007,0.154717,0,0.11532245075408828,0.9197667250939904,0.5881631733379233,0.4400243321618406,1012.2626429999991,4.8216860828636845,1.1280964484577773,0.4598833625469952,0.19411148372078088
solution_2_obj=5_h_lns_mip.log,2,5,0.195889,3604.339474,0.244693,0,0.02598828396406304,0.07648731364449071,0.062311363068892185,0.9710168881046912,1677.9876259999999,1.399387041199335,0.17276633289910154,0.038243656822245356,0.41290063091665175
solution_9_obj=4_h_lns_mip.log,9,4,0.618372,3605.986224,0.684691,0,0.031969742226203045,0.07569082651303248,0.04974971836842626,0.9850881915277853,2223.455416,0.7272960329655132,0.12303469639701078,0.03784541325651624,0.6361854065093121
solution_34_obj=8_h_lns_mip.log,34,8,0.118664,3609.527974,0.176877,0,0.14122321877459973,1.0663078333093434,0.6578365469220793,0.3677594793010567,1154.721875999999,4.5493754785408065,1.3111706687503724,0.5331539166546717,0.21253149774212005
solution_44_obj=7_h_lns_mip.log,44,7,0.504861,3619.510428,0.237826,0,0.05504175748482862,0.18394304195251163,0.132259050496445,0.9384336796379987,3154.3461530000004,1.723919413174128,0.25613551815648306,0.09197152097625581,0.41408545193568314
solution_4_obj=0_h_lns_mip.log,4,0,0.025587,3605.957863,18.224766,0,0.1413377795765232,1.369262275540447,0.7677709002920329,0.2438990098907471,1076.625633999999,5.483448081799821,1.7606980560411234,0.6846311377702236,0.18224759720319575
solution_44_obj=8_h_lns_mip.log,44,8,0.093258,3629.247696,0.209469,0,0.14301271066087468,0.7845797698877529,0.5157105696994251,0.5308354410845513,2737.0856729999955,3.5664932017607955,0.940118596382916,0.39228988494387645,0.27592540364356927
solution_46_obj=4_h_lns_mip.log,46,4,0.532254,3617.158828,0.831588,0,0.1552759532137008,0.8501119284962395,0.5164368624635506,0.5394110675830063,2705.213468999997,2.7769471838626267,0.9240528747979035,0.42505596424811976,0.29916449556026165
solution_6_obj=2_h_lns_mip.log,6,2,3.174249,3601.69483,-408.055309,0,0.1480190137959788,1.478899769553388,0.7813514909302559,0.22313480242306866,944.9195699999991,5.233066599889064,1.8659034888491133,0.739449884776694,0.18754533057018327
solution_5_obj=7_h_lns_mip.log,5,7,0.519175,3602.354538,0.237466,0,0.05451973675675817,0.19420292547144824,0.13372701739676615,0.9286846642846319,1539.2462959999998,2.025888642739306,0.27711327342792064,0.09710146273572412,0.4036173126410882
solution_43_obj=2_h_lns_mip.log,43,2,3.639721,3610.05982,-716.500477,0,0.1933876486494577,1.300682968977024,0.686613287027896,0.33262428432657193,2793.9407439999986,3.509568407795252,1.4164727474470498,0.650341484488512,0.2802461211304702
solution_5_obj=9_h_lns_mip.log,5,9,0.0,103.359782,47.228571,1,0.0,0.0,0.0,1.0,3636.5997359999983,0.0,0.0,0.0,1.0
solution_7_obj=7_h_lns_mip.log,7,7,0.491157,3604.925009,0.223876,0,0.04807252010320674,0.17927644384503227,0.11858046958008578,0.95359399716731,1520.9235089999995,1.0845724691667649,0.22059990792264517,0.08963822192251614,0.4013459810937331
solution_14_obj=3_h_lns_mip.log,14,3,1.888497,3606.601455,-51874.444584,0,0.21967887850152976,1.1338948382099323,0.6100835693825596,0.4176759735324321,2972.1674149999963,2.74243097924855,1.180762652245008,0.5669474191049662,0.35827957853419545
solution_13_obj=2_h_lns_mip.log,13,2,4.187624,3605.285861,-730.241124,0,0.17764217905817764,1.3583877657247445,0.7204234858350972,0.2942990354836353,2305.207576,4.008387762643652,1.5485168524052115,0.6791938828623723,0.24534731534744164
solution_11_obj=4_h_lns_mip.log,11,4,0.511864,3617.454535,0.813956,0,0.15303851755294837,0.7953742705639985,0.4907070167628281,0.5693366075687358,2793.6225589999985,2.6183355267074524,0.8697299464789767,0.3976871352819992,0.31031413809756114
solution_3_obj=8_h_lns_mip.log,3,8,0.069459,3608.394024,0.145786,0,0.11736075106437267,1.1188193961059354,0.6669305224671416,0.3526797149134403,954.7524139999995,5.5592564249195995,1.3547818439463342,0.5594096980529677,0.17421176515347223
solution_19_obj=8_h_lns_mip.log,19,8,1.0,3629.857622,0.226278,0,0.14245693017267685,0.7213508634934972,0.4570942583727634,0.6004194480374774,3119.9548309999986,3.0126915366518374,0.8157832721880043,0.3606754317467486,0.31009937868486304
solution_17_obj=4_h_lns_mip.log,17,4,0.541024,3618.191168,0.769048,0,0.02560833184447057,0.05519531003444563,0.034795698853010676,0.9917666527439244,5042.556855,0.6546679363255128,0.09111365440305806,0.027597655017222816,0.7322827540520376
solution_14_obj=9_h_lns_mip.log,14,9,0.0,724.302795,95.585714,1,0.0,0.0,0.0,1.0,7360.100055000002,0.0,0.0,0.0,1.0
solution_37_obj=7_h_lns_mip.log,37,7,0.59349,3602.023941,0.185917,0,0.03885189817936269,0.16856953829147736,0.1226088498321708,0.9418735737664048,1159.3199169999991,1.8059580460025417,0.2484222580934809,0.08428476914573868,0.31370801740835674
solution_17_obj=0_h_lns_mip.log,17,0,0.052891,3619.44827,39.781564,0,0.15017025949146698,1.351838558054378,0.7511992562407401,0.2603149501423026,2163.5934949999987,5.024162577395149,1.6856750746355125,0.6759192790271891,0.1989078223289931
solution_2_obj=4_h_lns_mip.log,2,4,0.502313,3613.7971,0.7907,0,0.020333305929621664,0.040961058326195565,0.0265014239804773,0.9963432656857372,3015.498345999999,0.2588485872084155,0.06058180499410118,0.020480529163097783,0.7595808015884168
solution_46_obj=6_h_lns_mip.log,46,6,0.377931,3618.846838,0.308016,0,0.09028101811208859,0.32762742737526623,0.2369944085626493,0.8416537043286791,2825.7702689999965,1.8452089705817902,0.4337477494354904,0.16381371368763314,0.37903684549494715
solution_42_obj=0_h_lns_mip.log,42,0,0.05622,3620.21956,51.51342,0,0.18246447917213435,1.2705524275691582,0.7048731928304752,0.31533049921546097,2919.7842659999988,3.8792820661525917,1.4735249776418582,0.6352762137845791,0.2575671179198055
solution_1_obj=9_h_lns_mip.log,1,9,0.0,86.633484,43.457143,1,0.0,0.0,0.0,1.0,3346.199703,0.0,0.0,0.0,1.0
solution_14_obj=8_h_lns_mip.log,14,8,1.0,3624.831149,0.217868,0,0.15421190764795728,0.8387737600394001,0.5450369027120784,0.49870798852764053,2762.867414999998,3.4933166021755184,1.0025873701757575,0.4193868800197001,0.28152377819960855
solution_31_obj=3_h_lns_mip.log,31,3,1.944423,3601.061616,-22374.600569,0,0.14816693539320067,1.5128211285870694,0.7858157216824235,0.21566089850089518,709.4909849999993,5.224891129806436,1.9070682158434025,0.7564105642935347,0.18666623992354836
solution_6_obj=0_h_lns_mip.log,6,0,0.016974,3605.748471,15.74209,0,0.12714098587330835,1.471085415513001,0.7995736777315121,0.19785217497574645,865.887889999999,6.34823896297301,2.013523908357266,0.7355427077565005,0.15742086004092015
solution_33_obj=8_h_lns_mip.log,33,8,0.03408,3609.273854,0.123585,0,0.10360184589392309,1.1892678245300408,0.7144077539696262,0.2815040988168904,782.5759059999991,6.4081548857593,1.5976063796095643,0.5946339122650204,0.14356762908167445
solution_7_obj=3_h_lns_mip.log,7,3,1.621795,3601.684758,-27789.063576,0,0.20550531652468054,1.2231859609980622,0.6514313505520073,0.37350255464912474,1315.9769489999992,3.1460683951456545,1.2951285105640058,0.6115929804990311,0.31231266838329547
solution_36_obj=6_h_lns_mip.log,36,6,0.432929,3605.512603,0.285404,0,0.0816785855985962,0.369069660652198,0.2610405409543352,0.8194882300939769,1290.5721709999991,1.949355272683501,0.46933333543778305,0.184534830326099,0.3097672087522823
solution_4_obj=2_h_lns_mip.log,4,2,2.692384,3601.740571,-403.659243,0,0.1616078296532664,1.4415086767454495,0.7636478668427231,0.2453189211992681,1148.6248339999995,4.6953563881883955,1.753945957198387,0.7207543383727246,0.20950985173076275
solution_43_obj=4_h_lns_mip.log,43,4,0.521579,3618.234443,0.815164,0,0.14514841976306542,0.820509407206958,0.5161487778912021,0.5416397829602961,2715.243944,2.908114961662748,0.919916016823596,0.41025470360347904,0.2798082333049549
solution_2_obj=0_h_lns_mip.log,2,0,0.017156,3605.910857,26.691636,0,0.1894855973546155,1.2713397006873928,0.702807744072262,0.3209081283602768,1540.0170659999994,3.744041772013496,1.454701569229555,0.6356698503436965,0.2669161558950919
solution_40_obj=0_h_lns_mip.log,40,0,0.027104,3604.699054,16.989362,0,0.13366120579485705,1.3726359199278233,0.7788677634666032,0.2226873676170738,953.1199509999992,5.88218537403316,1.8683148772085796,0.6863179599639117,0.16989352999789642
solution_41_obj=5_h_lns_mip.log,41,5,0.3411,3609.873047,0.292142,0,0.056463698861705325,0.1605549955598858,0.13258787763957758,0.9224064563307819,3130.9216259999985,2.226839136908676,0.29003581245079946,0.0802774977799429,0.423729388897218
solution_20_obj=9_h_lns_mip.log,20,9,0.0,666.646362,92.885714,1,0.0,0.0,0.0,1.0,7152.1999780000015,0.0,0.0,0.0,1.0
solution_44_obj=9_h_lns_mip.log,44,9,0.0,568.918165,95.385714,1,0.0,0.0,0.0,1.0,7344.699593000004,0.0,0.0,0.0,1.0
solution_11_obj=7_h_lns_mip.log,11,7,0.549811,3613.383252,0.267271,0,0.08687502016366982,0.3053786903301881,0.21566283119337773,0.8662729199197787,2887.3889589999985,1.7737094676633705,0.3929002559950529,0.15268934516509403,0.4008138286255876
solution_10_obj=2_h_lns_mip.log,10,2,3.342391,3601.592137,-406.902716,0,0.16498296429236742,1.4517227140856577,0.7581548363078454,0.24927762364955705,1080.5781629999994,4.55143467060934,1.7353937637761967,0.725861357042829,0.2154350626382089
solution_11_obj=3_h_lns_mip.log,11,3,2.187301,3608.558026,-47643.041387,0,0.22133188229820902,1.071085976571453,0.5844807994541613,0.44705233901959646,2867.296159,2.609577208337273,1.1121486189966427,0.5355429882857267,0.3767877800132803
solution_10_obj=3_h_lns_mip.log,10,3,1.79708,3601.585044,-28423.272241,0,0.18814504562822587,1.3775829143438987,0.7187978298852066,0.2937224403701917,1135.1636029999995,3.793278589673919,1.5506691253798908,0.6887914571719493,0.25913210561819644
solution_38_obj=5_h_lns_mip.log,38,5,0.398511,3602.298139,0.253071,0,0.03087716306966437,0.09156152502575395,0.0737331696904756,0.9639146025239772,1614.8469189999996,1.7533691123671555,0.19348462804066313,0.04578076251287697,0.4145812741713217
solution_41_obj=1_h_lns_mip.log,41,1,0.119883,3612.686144,24.508829,0,0.11772195385086363,0.6122016775191215,0.4130886757509432,0.6561178082981641,2552.2489859999973,2.821596627850382,0.7239589312829181,0.30610083875956073,0.28355496279019277
solution_33_obj=3_h_lns_mip.log,33,3,2.079481,3601.336928,-26144.267964,0,0.1539260328880187,1.4532797021225485,0.7716105042393872,0.2378987239649536,877.6818259999994,4.97236893896296,1.789823838464958,0.7266398510612743,0.1974918326304427
solution_10_obj=5_h_lns_mip.log,10,5,0.361449,3609.695632,0.229571,0,0.025092771919543823,0.08217581257695027,0.06589932217519615,0.9621383352927506,1429.1882429999996,1.805062344053735,0.19837232941021676,0.04108790628847513,0.37696661180072794
solution_35_obj=6_h_lns_mip.log,35,6,0.516708,3604.430921,0.304399,0,0.09355684523944431,0.4367284880235638,0.31050946137150776,0.7641378401420645,1237.9807999999994,2.282806269851531,0.5555757514420218,0.2183642440117819,0.29828809846226406
solution_40_obj=6_h_lns_mip.log,40,6,0.516429,3604.736485,0.284944,0,0.08169273572859453,0.43543524084462565,0.3027654242942303,0.7716722376550599,1070.9977109999995,2.2681355354418504,0.5439549363109023,0.2177176204223128,0.26712366037118435
solution_38_obj=0_h_lns_mip.log,38,0,0.028724,3605.453017,19.564925,0,0.1508394620596278,1.3867482441660923,0.7632587036346332,0.2468137583966066,1101.4758789999987,5.108476718314469,1.7468938119141164,0.693374122083046,0.19564934762999506
solution_3_obj=5_h_lns_mip.log,3,5,0.538034,3602.33037,0.296779,0,0.05218438748042423,0.1429940336713148,0.1146618112158722,0.938830764196299,1680.437373999999,1.514705808542134,0.25525418497515173,0.0714970168356574,0.45056451714647544
solution_17_obj=7_h_lns_mip.log,17,7,0.65479,3615.229923,0.275931,0,0.09785596326681671,0.3719851469038815,0.2642598228149089,0.8165893070858764,2647.8299749999996,2.1037170895819504,0.473925941417394,0.18599257345194078,0.3684505741861446
solution_40_obj=1_h_lns_mip.log,40,1,0.128962,3601.730149,6.719689,0,0.08766684650222736,0.6415324457827826,0.4142500404525817,0.65323122873987,957.4733909999997,2.5240085848315537,0.7285955601420958,0.32076622289139134,0.20951157407826532
solution_3_obj=0_h_lns_mip.log,3,0,0.036721,3606.025379,16.479276,0,0.1313830566871859,1.401524530783654,0.7892898433218514,0.20966210075590216,951.0687339999992,6.064255699042683,1.9415404257527256,0.7007622653918271,0.16479272756494243
solution_46_obj=0_h_lns_mip.log,46,0,0.060497,3636.087868,48.044041,0,0.1717824343255189,1.2559589287115822,0.7115288586618908,0.3106577536876879,2621.4934689999977,4.160123587100924,1.4896229295068406,0.6279794643557911,0.24022008394056066
solution_37_obj=5_h_lns_mip.log,37,5,0.381259,3602.819,0.205416,0,0.012710432826197854,0.04247372083375805,0.03416064857591334,0.9907146126801376,1332.1179969999994,0.8264700101897985,0.09681122771781216,0.021236860416879028,0.3683574236002226
solution_8_obj=4_h_lns_mip.log,8,4,0.559623,3607.071707,0.623932,0,0.03735643517796042,0.09915517948912253,0.0652256981502583,0.9764693488897576,2019.8486070000001,0.9475219010818893,0.15523429175430206,0.049577589744561265,0.5669984664784209
solution_17_obj=9_h_lns_mip.log,17,9,0.0,529.49742,88.385714,1,0.0,0.0,0.0,1.0,6805.7000549999975,0.0,0.0,0.0,1.0
solution_19_obj=4_h_lns_mip.log,19,4,0.526661,3617.08118,0.892552,0,0.15961979378942026,0.7624840433574542,0.47259597142320037,0.5887467254687359,3215.3956309999967,2.654334966457107,0.8357770320685378,0.3812420216787271,0.33606231204677656
solution_4_obj=3_h_lns_mip.log,4,3,2.024395,3602.289499,-27351.288975,0,0.18641419042269644,1.3611876808292551,0.7186313931318516,0.296666415252683,1184.4569939999992,3.819322077113155,1.5397367870752308,0.6805938404146274,0.256807662846713
solution_33_obj=2_h_lns_mip.log,33,2,2.746988,3601.347645,-422.683264,0,0.13190028246956378,1.5410777357612508,0.806428511916467,0.19193823969271626,824.1010259999991,6.064534049319238,2.051830701586582,0.7705388678806255,0.16192542514964012
solution_13_obj=0_h_lns_mip.log,13,0,0.078281,3619.087133,38.543964,0,0.14502094428045262,1.3032293572141396,0.7487338822871166,0.2601377438362712,2087.200695999999,5.1861312040139005,1.6864510945687987,0.6516146786070698,0.19271979400515082
solution_40_obj=4_h_lns_mip.log,40,4,0.581963,3603.626713,0.661737,0,0.026211477985376753,0.06410790137643393,0.04171992907665249,0.9913349498518296,2262.8356310000004,0.48945943748131576,0.09349218966182578,0.032053950688216974,0.6219896289335921
solution_45_obj=7_h_lns_mip.log,45,7,0.562748,3624.457286,0.261298,0,0.072591563460694,0.23711954681737907,0.1664099420329215,0.9114445203757117,3076.274333999999,1.7238190507837816,0.31170416160522446,0.11855977340868953,0.43404020673897065
solution_20_obj=3_h_lns_mip.log,20,3,2.241522,3611.622756,-47305.999163,0,0.2147742015518818,1.1533933220371182,0.6212178688388755,0.4066162818380498,2909.270378,2.860696815531348,1.2080236323195412,0.5766966610185592,0.34400222734023234
solution_34_obj=4_h_lns_mip.log,34,4,0.559138,3604.452784,0.707273,0,0.026041273799199273,0.05834341918537137,0.03874565630244474,0.991422818640665,2507.302196000001,0.6784778496280486,0.0930128263462016,0.029171709592685686,0.6653871303653847
solution_37_obj=6_h_lns_mip.log,37,6,0.569098,3604.84596,0.294506,0,0.08341040671353145,0.518626024428876,0.35898124742966947,0.7100305876358942,946.6711169999992,2.7764120266751786,0.6390540111170399,0.259313012214438,0.2300295718443482
solution_7_obj=0_h_lns_mip.log,7,0,0.021985,3606.67135,22.49763,0,0.17048474528731422,1.3838834530358834,0.7502117532176943,0.2609531494408335,1231.9220689999988,4.442001400411833,1.6828860635854002,0.6919417265179417,0.22497634449278597
solution_41_obj=4_h_lns_mip.log,41,4,0.490029,3619.110477,0.84491,0,0.04621145101772123,0.092310498871736,0.06033972289421032,0.9850039689189657,5434.226265999999,0.7129987300402961,0.12338693485236586,0.04615524943586799,0.7620252721950164
solution_32_obj=8_h_lns_mip.log,32,8,0.070048,3607.646755,0.127694,0,0.11015197979342765,1.2808299265429515,0.7508539918531318,0.2449949119986031,794.4691649999994,6.80818347410078,1.7554821045872995,0.6404149632714757,0.14523524037789703
solution_12_obj=2_h_lns_mip.log,12,2,4.118048,3610.6848,-699.321047,0,0.20153038978074928,1.2715981025823633,0.6709523964824216,0.34786411615379836,2717.7848949999975,3.2924478799158368,1.3691916225569005,0.6357990512911815,0.29886283867993835
solution_18_obj=8_h_lns_mip.log,18,8,1.0,3630.81035,0.218615,0,0.16382920508055132,0.9286740450300807,0.5962314019902965,0.439396317709228,2883.9116320000003,3.5957157314327155,1.1295351922067876,0.46433702251504033,0.273400660399638
solution_4_obj=7_h_lns_mip.log,4,7,0.518942,3605.182311,0.185598,0,0.0359779588020284,0.1611410320425002,0.1096749028275713,0.9535659158709108,1281.2373139999993,1.6293164610847184,0.2206698919159776,0.0805705160212501,0.32476143853992007
solution_39_obj=2_h_lns_mip.log,39,2,3.378487,3601.363002,-409.945726,0,0.14800904769946033,1.5160045232396644,0.7835528863035084,0.21615135146415618,955.147150999999,5.254663858967035,1.9043077256474332,0.7580022616198322,0.1870058291964585
solution_12_obj=0_h_lns_mip.log,12,0,0.06339,3632.783988,47.447438,0,0.17205589800801355,1.275800401690836,0.721622291781793,0.2991292145937989,2599.572254999999,4.212431408362276,1.5306981715743824,0.637900200845418,0.2372371536573029
solution_39_obj=5_h_lns_mip.log,39,5,0.292904,3604.108773,0.190531,0,0.018859407038291143,0.0742246602467983,0.060849337622133653,0.9648192165664896,1116.5593109999998,2.072951140215981,0.1909544487597162,0.03711233012339915,0.30683674954444873
solution_41_obj=3_h_lns_mip.log,41,3,1.902304,3605.692528,-53883.64104,0,0.21240009146141042,1.1315923582045468,0.6209628167677376,0.41121955911645985,2814.125145999998,2.890700510673175,1.1965746714486383,0.5657961791022734,0.3403393654134838
solution_43_obj=6_h_lns_mip.log,43,6,0.385233,3617.100168,0.30077,0,0.08814787746931409,0.3430547656755446,0.24827934104944527,0.8336329860466285,2824.7497039999967,2.038563809129121,0.4467310770443702,0.1715273828377723,0.35325991164323384
solution_31_obj=9_h_lns_mip.log,31,9,0.0,62.657343,39.514286,1,0.0,0.0,0.0,1.0,3042.5999450000004,0.0,0.0,0.0,1.0
solution_15_obj=4_h_lns_mip.log,15,4,0.465296,3622.508125,0.891641,0,0.15974909200770468,0.8311435574694315,0.5167714004351769,0.540740474799793,2787.9095859999975,2.89673069742195,0.92158340805521,0.4155717787347158,0.3075834816203286
solution_38_obj=9_h_lns_mip.log,38,9,0.0,102.031908,48.771429,1,0.0,0.0,0.0,1.0,3755.399878999999,0.0,0.0,0.0,1.0
solution_13_obj=5_h_lns_mip.log,13,5,0.4721,3609.033875,0.310767,0,0.07228642663055924,0.22914835453946852,0.18330157190817176,0.8845693719818745,2864.1222959999977,2.4664605892187708,0.3612389575060676,0.11457417726973428,0.3923861304006625
solution_18_obj=9_h_lns_mip.log,18,9,0.0,685.156383,95.157143,1,0.0,0.0,0.0,1.0,7327.099472000002,0.0,0.0,0.0,1.0
solution_31_obj=1_h_lns_mip.log,31,1,0.120481,3601.238026,3.920371,0,0.06716923473683478,0.6205645031914454,0.41820291831142303,0.6449261897585225,627.4453849999992,2.7102912593701904,0.7420006974438947,0.3102822515957227,0.15900783920390468
solution_47_obj=0_h_lns_mip.log,47,0,0.050417,3640.343666,49.447641,0,0.1765041571711886,1.2619516507852895,0.7103337709044086,0.3119112838418019,2676.7263459999963,4.041347730817728,1.4852743288191161,0.6309758253926449,0.24723819080392215
solution_15_obj=3_h_lns_mip.log,15,3,1.585856,3608.950083,-60206.667234,0,0.21505399859104446,1.1122687749914821,0.6198582724203616,0.41345286614732524,2912.4849459999987,2.848319864828918,1.1910732060693587,0.5561343874957411,0.34520589321582856
solution_41_obj=9_h_lns_mip.log,41,9,0.0,562.408523,92.528571,1,0.0,0.0,0.0,1.0,7124.700506000002,0.0,0.0,0.0,1.0
solution_42_obj=6_h_lns_mip.log,42,6,0.343344,3630.030137,0.317796,0,0.09320223137443512,0.31222195537744935,0.22692214988431966,0.8492969828088921,3200.7485859999983,1.9652451159853643,0.42124153149016796,0.15611097768872464,0.4086697586147383
solution_17_obj=2_h_lns_mip.log,17,2,3.642581,3610.60676,-735.412917,0,0.1771028581317922,1.3631315207051418,0.7206846982450112,0.2925564113775233,2269.0806949999974,4.018803150132697,1.5550383267074295,0.6815657603525709,0.24451378566833934
solution_2_obj=6_h_lns_mip.log,2,6,0.386185,3607.761105,0.320122,0,0.09841616272260927,0.3391928448066198,0.2490846114131556,0.8281404576773596,1663.587785999998,2.0534356360936217,0.4555487134303626,0.1695964224033099,0.3911602589281307
solution_13_obj=7_h_lns_mip.log,13,7,0.619869,3612.209964,0.231967,0,0.05382668584790836,0.19547675788735405,0.13846768629224168,0.9228542215370428,2741.891095999998,2.2307129804518535,0.28912758672796296,0.09773837894367703,0.38678737150004616
solution_20_obj=7_h_lns_mip.log,20,7,0.599146,3614.834794,0.291098,0,0.10341680108491008,0.3424549126067608,0.2512684201337462,0.827325943018918,3010.7390179999984,2.0553484244348654,0.4568516785694229,0.1712274563033804,0.4095210891393085
solution_16_obj=9_h_lns_mip.log,16,9,0.0,598.645001,93.1,1,0.0,0.0,0.0,1.0,7168.700308000004,0.0,0.0,0.0,1.0
solution_39_obj=0_h_lns_mip.log,39,0,0.040011,3603.414575,15.66727,0,0.12363527228690789,1.3775360697123358,0.7812396806273477,0.219834130608272,870.4225109999991,6.280314123126172,1.8838482382573507,0.6887680348561679,0.15667268649968052
solution_5_obj=8_h_lns_mip.log,5,8,0.047484,3612.086565,0.195516,0,0.154153195789935,1.0394029456349683,0.644261024205151,0.3824207149377459,1269.333015999999,4.153985319297035,1.2707954630761558,0.5197014728174841,0.23687862232597134
solution_45_obj=2_h_lns_mip.log,45,2,4.220886,3605.174308,-687.71938,0,0.20168425423788092,1.2727646378487625,0.6709183683506622,0.3464747774630482,2707.571453999999,3.289197047283933,1.3733946920407345,0.6363823189243812,0.2991061840504005
solution_16_obj=8_h_lns_mip.log,16,8,1.0,3623.672839,0.213035,0,0.1621309269727687,0.9634131971726926,0.611204237922267,0.42593917072822274,2687.671027999999,3.724007277991024,1.1609276808099767,0.48170659858634635,0.26393840606586655
solution_20_obj=8_h_lns_mip.log,20,8,0.061426,3629.876095,0.211874,0,0.1679018271491805,1.0810847372866101,0.6529790688800022,0.3812848848166999,2728.4351779999984,3.8448687843622085,1.27385667898388,0.540542368643305,0.2558463601290976
solution_7_obj=9_h_lns_mip.log,7,9,0.0,108.436145,47.242857,1,0.0,0.0,0.0,1.0,3637.6999889999993,0.0,0.0,0.0,1.0
solution_8_obj=3_h_lns_mip.log,8,3,1.349048,3601.432424,-27789.125767,0,0.16492348760983297,1.4247379398166364,0.7476518100247903,0.26516723534494,971.3393269999995,4.466633534853123,1.664693661244096,0.7123689699083182,0.21838274253401374
solution_45_obj=6_h_lns_mip.log,45,6,0.410387,3615.297726,0.319405,0,0.09823801761007783,0.34136663060473804,0.25403965558583047,0.8178784414427767,2838.5095339999984,2.3794028762666093,0.471885137229526,0.170683315302369,0.3847699576533333
solution_3_obj=1_h_lns_mip.log,3,1,0.151696,3603.088603,6.786708,0,0.09058749850631058,0.6629706962415393,0.4343526982063821,0.6281491570470485,963.4592939999993,3.336992296048734,0.7694014395114199,0.3314853481207697,0.20647189229301277
solution_20_obj=5_h_lns_mip.log,20,5,0.39278,3616.898183,0.330231,0,0.0823249887378851,0.24102937620511847,0.19529545825771516,0.8680278021505881,3218.3646179999987,2.307810365572571,0.3899190080418782,0.12051468810255925,0.4194330197177461
solution_37_obj=3_h_lns_mip.log,37,3,1.864627,3601.343929,-29703.602483,0,0.17198935736592885,1.3850801049225625,0.736795305080249,0.28137186487088806,971.7871169999992,4.258367793348737,1.598128783959861,0.6925400524612813,0.23109466444513427
solution_38_obj=4_h_lns_mip.log,38,4,0.499069,3603.841397,0.607745,0,0.014127571821416222,0.03568506405059726,0.023916901286180497,0.996127026439119,2216.9611589999995,0.4745339723042956,0.062354084110562695,0.017842532025298626,0.5847871317378237
solution_32_obj=2_h_lns_mip.log,32,2,3.291161,3601.915638,-417.325979,0,0.140451710032641,1.514763028081675,0.7926151065650674,0.20880743929604437,866.1334849999993,5.570877355420305,1.9465614299722542,0.7573815140408374,0.17542839113286482
solution_9_obj=7_h_lns_mip.log,9,7,0.592286,3602.682815,0.182383,0,0.029402406121721566,0.14231508220936206,0.09508213493501982,0.9413724835710886,1107.3003759999992,1.5209049239672445,0.24955713933616486,0.07115754110468103,0.3061393402703636
solution_32_obj=0_h_lns_mip.log,32,0,0.063768,3604.940785,14.05282,0,0.11130818164114308,1.3948639764239794,0.7841501475172395,0.21033374256075535,795.1389249999991,7.110149344630652,1.9376142318639278,0.6974319882119896,0.1405280610781341
solution_35_obj=1_h_lns_mip.log,35,1,0.199858,3602.906615,8.914689,0,0.10868260749411908,0.7115192032805805,0.46705648836697156,0.5953131128409722,1084.9406399999993,2.8575699967676855,0.824492751331677,0.35575960164029025,0.23036995331202637
solution_34_obj=2_h_lns_mip.log,34,2,3.43348,3601.766089,-396.509356,0,0.18124381781769341,1.4122540548560465,0.7310593051683064,0.2795488878352929,1259.8741959999993,4.009473062081894,1.6053634599075728,0.7061270274280232,0.2454402513872765
solution_15_obj=0_h_lns_mip.log,15,0,0.064392,3649.793888,47.494412,0,0.17234123767617007,1.2786041765321154,0.7221044590926956,0.29703498158699865,2627.5020659999977,4.208266991190288,1.5383779891633154,0.6393020882660577,0.23747191881801924
solution_15_obj=7_h_lns_mip.log,15,7,0.582386,3615.702933,0.266082,0,0.07077404743010203,0.22152868632193698,0.1556682787154509,0.9202086951218142,3405.4283059999993,1.6093332650016843,0.29446563415446264,0.11076434316096849,0.4523733272703187
solution_6_obj=7_h_lns_mip.log,6,7,0.590204,3603.061728,0.193683,0,0.040892060350772114,0.17721934825918217,0.12245124951646098,0.9432411820847345,1143.168529999999,1.6324011933192144,0.2453043751033151,0.08860967412959107,0.33060617925194796
solution_6_obj=9_h_lns_mip.log,6,9,0.0,80.822699,43.428571,1,0.0,0.0,0.0,1.0,3343.9998900000014,0.0,0.0,0.0,1.0
solution_4_obj=8_h_lns_mip.log,4,8,0.109718,3617.299192,0.157971,0,0.11588824836341119,0.9677949990182267,0.5734948396341683,0.4629292561879027,1077.9651539999993,4.64215445397719,1.0771059714718403,0.48389749950911337,0.20005300475408277
solution_13_obj=1_h_lns_mip.log,13,1,0.167305,3605.510711,19.357911,0,0.11050164524895796,0.6782287080137057,0.45767814393061607,0.5962587884819094,2092.8936559999997,3.504171183606622,0.8228755232927398,0.3391143540068529,0.2402324395009352
solution_45_obj=9_h_lns_mip.log,45,9,0.0,489.913852,88.857143,1,0.0,0.0,0.0,1.0,6841.999934000004,0.0,0.0,0.0,1.0
solution_13_obj=4_h_lns_mip.log,13,4,0.442362,3617.63294,0.695564,0,0.03444056698092067,0.08116857094824097,0.05321655520302798,0.9853989003379349,4411.602775999998,0.756425808339505,0.12172695156379146,0.04058428547412049,0.6439417962188161
solution_41_obj=0_h_lns_mip.log,41,0,0.06187,3623.845549,46.797894,0,0.16934915011984006,1.2819154168565536,0.7201277872721361,0.3021695809256035,2555.5977859999985,4.270896175928017,1.5196710049268505,0.6409577084282769,0.2339895881639745
solution_17_obj=8_h_lns_mip.log,17,8,0.056972,3627.349288,0.171514,0,0.1373978955069746,1.1241924648008943,0.6648415805404337,0.36068139727190013,2163.928374999999,4.76846714127949,1.3313639681118157,0.562096232400447,0.20562929580654501
solution_35_obj=8_h_lns_mip.log,35,8,0.121215,3610.421452,0.167413,0,0.12901623643870985,1.0350371121793462,0.6206021247178785,0.41156359318224817,1083.601119999999,4.618251576113281,1.1957249527749083,0.517518556089673,0.20580992069981438
solution_44_obj=1_h_lns_mip.log,44,1,0.122655,3645.763855,26.607609,0,0.11645620832935534,0.5585828733365857,0.3817430256103482,0.6925536423216753,2741.4391129999985,2.9169298604919582,0.6662818260438079,0.27929143666829287,0.3035390813033051
solution_35_obj=2_h_lns_mip.log,35,2,2.579824,3601.532184,-397.869992,0,0.16688414071061305,1.4296437307671008,0.7545779767593194,0.2569441927362734,1161.2932799999992,4.49354981550927,1.7005574687362421,0.7148218653835504,0.21895059807212428
solution_19_obj=0_h_lns_mip.log,19,0,0.046046,3634.259309,56.10657,0,0.19081933677040858,1.1863439808250238,0.6768020625458886,0.35330923453251706,3136.3639510000003,3.562755615949739,1.3529160073833428,0.5931719904125119,0.2805328922497004
solution_5_obj=4_h_lns_mip.log,5,4,0.305638,3635.934133,0.566178,0,0.018504207118020224,0.05333289916894292,0.03390108906108806,0.9914837154592773,1985.3064559999998,0.5492918785950356,0.09267920268271321,0.026666449584471456,0.5403709896702715
solution_31_obj=6_h_lns_mip.log,31,6,0.633262,3604.168799,0.279839,0,0.07680407018684955,0.47309678777444025,0.3275215439592408,0.7508498910232968,811.9642649999993,2.160238467638548,0.5760417746779086,0.23654839388722013,0.23215581047225173
solution_14_obj=4_h_lns_mip.log,14,4,0.426551,3622.219616,0.844675,0,0.12839568312964647,0.31653848789142397,0.1970241592385218,0.8654780113565784,4944.610614999999,1.2993956670624347,0.3942472023554646,0.15826924394571198,0.6484164439922186
solution_43_obj=8_h_lns_mip.log,43,8,1.0,3622.164518,0.197454,0,0.14603642535182373,0.9689667437990187,0.5838623422363292,0.4613746864125461,2665.6817039999987,3.758490683968972,1.0804794180413524,0.4844833718995094,0.24887072296615118
solution_41_obj=6_h_lns_mip.log,41,6,0.395156,3618.828165,0.305455,0,0.08830838812434233,0.3274963610938571,0.23172488163676216,0.8448391386707141,2871.3896259999988,2.2708470432271826,0.4285525447944311,0.16374818054692855,0.3791860656615058
solution_16_obj=0_h_lns_mip.log,16,0,0.06317,3620.407055,50.545912,0,0.17802203894232793,1.2336235628816932,0.7008754370099509,0.3230767780148752,2688.005907999999,3.9525711754619444,1.4474942089713194,0.6168117814408467,0.25272954278906207
solution_2_obj=7_h_lns_mip.log,2,7,0.415901,3603.478597,0.232299,0,0.04843591593726085,0.1708376743295921,0.1155791829726707,0.9502835557955297,1695.0665059999994,1.641299770210437,0.2287301542241418,0.08541883716479606,0.41488056538024787
solution_6_obj=3_h_lns_mip.log,6,3,1.793087,3602.06996,-28775.319708,0,0.18186349679108188,1.3385224525470047,0.708452210418397,0.31071565682642766,990.1283699999992,3.802474980005033,1.489421566456865,0.6692612262735025,0.25413833025779065
solution_38_obj=3_h_lns_mip.log,38,3,1.162147,3602.127581,-33554.246386,0,0.19405080924632961,1.2933883073356511,0.6881697183643003,0.33479440026608565,1188.544678999999,3.5241971001467864,1.4095771647623252,0.6466941536678256,0.2791612243713511
solution_11_obj=5_h_lns_mip.log,11,5,0.363772,3609.260426,0.312247,0,0.0643337368710402,0.18925980612479865,0.14707486246106513,0.9106835232059711,3146.2511989999985,2.111749949804516,0.31317137000606876,0.09462990306239934,0.4352345949235874
solution_42_obj=2_h_lns_mip.log,42,2,4.321516,3608.886138,-654.706596,0,0.21181637256825453,1.210295086568216,0.6411403463664835,0.3794138977166359,3080.191785999998,2.9873285205382945,1.2789230224804895,0.605147543284108,0.3287225517779801
solution_20_obj=0_h_lns_mip.log,20,0,0.05851,3622.684469,49.699998,0,0.17876846087392423,1.290872639074314,0.7157933179630063,0.30584350971045593,2750.202377999998,4.020827440752808,1.506534424880468,0.645436319537157,0.24849997073981345
solution_20_obj=1_h_lns_mip.log,20,1,0.149945,3606.241132,28.808677,0,0.13456996606297655,0.6764759971318753,0.4499690498932722,0.6147291655313218,2723.0770979999993,3.0999193245802297,0.7916644760989524,0.33823799856593767,0.29756961343101723
solution_43_obj=7_h_lns_mip.log,43,7,0.525755,3607.992622,0.234166,0,0.05446439395015513,0.189656917275494,0.1322856636068933,0.9413277486507777,3131.164904,1.7235718646377631,0.24965826382290368,0.09482845863774698,0.4096594483695922
solution_42_obj=4_h_lns_mip.log,42,4,0.503704,3619.815127,0.850654,0,0.15797080800380364,0.7427657621139553,0.4729790919540966,0.5909975846983232,3019.5785060000003,2.5565192082225927,0.8318980060213412,0.37138288105697764,0.3323211461935792
solution_15_obj=8_h_lns_mip.log,15,8,0.070556,3631.064825,0.204267,0,0.16605418380117967,1.1423552236476235,0.6813927040789663,0.34359991759622543,2605.3999859999985,4.058031388810689,1.3821583059571603,0.5711776118238119,0.2424797211550834
solution_10_obj=6_h_lns_mip.log,10,6,0.481252,3606.529285,0.27791,0,0.07801227377188391,0.3965579756071656,0.27936966833994503,0.7975134431540221,1127.1264829999989,2.0771503991748075,0.5038822866773366,0.1982789878035828,0.27645145406475224
solution_43_obj=1_h_lns_mip.log,43,1,0.090689,3610.460877,23.746955,0,0.11290463227740308,0.5903095725742714,0.39708378088804636,0.6741047783687666,2672.0444239999983,2.6587295682870224,0.6953049057305913,0.2951547862871357,0.2829128625318751
solution_36_obj=7_h_lns_mip.log,36,7,0.577793,3602.66675,0.246015,0,0.0822653273669111,0.3726716438175373,0.2606605402147611,0.8204167158875241,1292.2465709999988,2.0683221858381535,0.4678597715952501,0.18633582190876866,0.3124472696409698
solution_8_obj=1_h_lns_mip.log,8,1,0.338643,3602.956332,7.42968,0,0.10744986555767573,0.8839209830002913,0.557109879818635,0.4907162138863207,865.8521269999991,3.6384934376648204,1.0187431956373774,0.4419604915001457,0.1909414475591947
solution_35_obj=7_h_lns_mip.log,35,7,0.559185,3603.646811,0.215663,0,0.05227889053183154,0.20556154988389908,0.14509876094923327,0.9253705272307439,1399.0580799999996,1.777716314621132,0.2839862775765043,0.10278077494194954,0.3566956829122842
solution_12_obj=5_h_lns_mip.log,12,5,0.294389,3615.597238,0.275473,0,0.04584748233187057,0.12609298024711582,0.10737413170427594,0.938758145538915,3173.8914550000004,2.2831160390494176,0.25541553427224406,0.06304649012355791,0.42485321367580897
solution_12_obj=8_h_lns_mip.log,12,8,1.0,3627.511193,0.204515,0,0.16272607436874106,1.0731485668651004,0.6573710873650129,0.3731225446645381,2604.595454999998,3.9899626675416804,1.296180789039211,0.5365742834325503,0.24630295902714835
solution_39_obj=9_h_lns_mip.log,39,9,0.0,88.962064,46.014286,1,0.0,0.0,0.0,1.0,3543.0997909999996,0.0,0.0,0.0,1.0
solution_46_obj=5_h_lns_mip.log,46,5,0.294646,3607.480103,0.271769,0,0.04933887660612726,0.14577875186615732,0.12342190778243561,0.9173904640664193,2887.388188999998,2.495803775137778,0.30008064214640734,0.07288937593307866,0.39775906162166935
solution_19_obj=1_h_lns_mip.log,19,1,0.117378,3613.913038,31.258353,0,0.13009309664239252,0.5981035978240856,0.39920064805089145,0.6727227332377558,3119.285070999998,2.8215625494197503,0.6974930230484067,0.2990517989120428,0.3242545616876826
solution_6_obj=8_h_lns_mip.log,6,8,0.032241,3606.90253,0.141596,0,0.11712383636348395,1.1818754119571817,0.6982257438554488,0.31208871222769596,866.2227699999995,5.770786245877085,1.4846606134233107,0.5909377059785909,0.16606749181086738
solution_34_obj=1_h_lns_mip.log,34,1,0.19849,3602.03004,9.795174,0,0.10533461210996184,0.6226313918791829,0.4122212940393491,0.653340558857652,1158.7404359999994,2.778997648322723,0.728419739790036,0.3113156959395914,0.25297399114687297
solution_33_obj=0_h_lns_mip.log,33,0,0.039427,3603.213272,13.668154,0,0.11091184599654486,1.4371002057360103,0.8033470307067284,0.19006382922019152,781.9061459999991,7.30845833469662,2.064313533861368,0.7185501028680051,0.1366815626865292
solution_31_obj=7_h_lns_mip.log,31,7,0.698011,3602.451336,0.185371,0,0.039361348068096776,0.17191875409422466,0.1258434448969673,0.9389112558172951,987.4413849999994,1.636571104983001,0.2550752529015905,0.08595937704711233,0.3096524782782306
solution_5_obj=0_h_lns_mip.log,5,0,0.020823,3605.602406,22.36586,0,0.16828326480009162,1.3654142383452814,0.7448876008828892,0.26559410170218745,1268.3283759999986,4.468733382778111,1.662872170431299,0.6827071191726407,0.2236584847896868
solution_33_obj=7_h_lns_mip.log,33,7,0.577269,3603.154883,0.160922,0,0.028974594975915143,0.14014524735144487,0.10349728206343183,0.9553106951165113,984.8434259999992,1.7245414595340343,0.21628653335570883,0.07007262367572244,0.2771555779462451
solution_20_obj=6_h_lns_mip.log,20,6,1.0,3624.216055,0.330173,0,0.10437403093275613,0.36226723980766995,0.2583245454311481,0.8195022740949146,3025.1388579999975,2.1125539974791643,0.4693110563770881,0.18113361990383497,0.40202204016177495
solution_18_obj=3_h_lns_mip.log,18,3,1.93905,3607.592521,-51491.901062,0,0.22280741014703023,1.0897999700255008,0.5943458112166873,0.4358507927418509,3048.3377120000005,2.638272083416415,1.1377008196918321,0.5448999850127504,0.3730040136776025
solution_44_obj=0_h_lns_mip.log,44,0,0.060784,3627.594939,50.264727,0,0.1759392120842706,1.2060829541619666,0.6965501716299582,0.3300199512229736,2741.1042329999977,3.975652868123534,1.4248227379418799,0.6030414770809832,0.25132362772117767
solution_40_obj=2_h_lns_mip.log,40,2,3.342424,3601.440568,-404.333592,0,0.15851017449086818,1.4571639522150097,0.7686951571016947,0.23880099246547606,1005.6961109999991,4.820531147615394,1.785381552016881,0.7285819761075049,0.20414473968801095
solution_46_obj=8_h_lns_mip.log,46,8,0.059408,3634.605364,0.203735,0,0.15025613775738672,0.913144600539404,0.5812487392558718,0.4559862882731483,2624.507388999998,3.8254398588235694,1.0922675497225178,0.4565723002697021,0.2572132152234791
solution_1_obj=1_h_lns_mip.log,1,1,0.137206,3603.037025,5.9713,0,0.09528526687401351,0.8647843345538275,0.5588603647182145,0.47714065626609675,663.8109029999993,4.1826203911470134,1.0468132834643107,0.43239216727691376,0.16879424657863817
solution_42_obj=9_h_lns_mip.log,42,9,0.0,590.060561,93.357143,1,0.0,0.0,0.0,1.0,7188.4996260000025,0.0,0.0,0.0,1.0
solution_2_obj=3_h_lns_mip.log,2,3,0.95424,3602.337118,-29240.377996,0,0.21899310325957924,1.1369803950131467,0.6140065112705415,0.41484020713703673,1643.4949859999995,2.7870222205920605,1.1876728194941368,0.5684901975065734,0.35309588456701974
solution_1_obj=0_h_lns_mip.log,1,0,0.079191,3603.485747,13.125397,0,0.10734071581173989,1.464469936609186,0.8096321455298952,0.17854512874418127,663.141142999999,7.40842518332136,2.144953352422984,0.7322349683045929,0.13125381599574795
solution_4_obj=5_h_lns_mip.log,4,5,0.374978,3602.484143,0.22573,0,0.021261189201147234,0.0660066692071987,0.05460690570499955,0.980001915532313,1498.9093139999993,1.2069990009618117,0.14285016189732802,0.03300333460359935,0.38545632713279
solution_41_obj=7_h_lns_mip.log,41,7,0.601882,3616.297752,0.2747,0,0.09561726572807601,0.3521588427305191,0.24451359219843818,0.8396962515702189,2867.036186,1.9926360869611668,0.4369288599597668,0.1760794213652596,0.3890956676233608
solution_46_obj=2_h_lns_mip.log,46,2,4.252297,3605.415258,-678.503816,0,0.20104437153065946,1.2560180426408394,0.6658059547320062,0.3557233704632671,2771.8545889999987,3.275410691519003,1.3457983445110702,0.6280090213204197,0.300446621498788
solution_4_obj=1_h_lns_mip.log,4,1,0.159797,3602.910133,7.696242,0,0.0944731216772669,0.6272522450535997,0.41723490620441084,0.652900639946691,1081.983713999999,2.4559830482580796,0.7291272998953038,0.31362612252679983,0.22416243001172342
solution_19_obj=2_h_lns_mip.log,19,2,3.943348,3608.367068,-682.281763,0,0.21097592829459544,1.2100939409152305,0.6434061595863608,0.37961447973799933,3249.218510999999,3.008479181486878,1.2783784520320909,0.6050469704576151,0.32626521447677637
solution_8_obj=5_h_lns_mip.log,8,5,0.435995,3602.126858,0.235047,0,0.030097754038303157,0.09406553785830041,0.07924071198029227,0.9521064486806851,1326.6470069999993,1.796135631619965,0.22428269568644602,0.047032768929150204,0.37602863166260625
solution_5_obj=2_h_lns_mip.log,5,2,3.41465,3601.552614,-372.348779,0,0.18172113619359917,1.380299040518656,0.7193614367040856,0.2917526266414955,1325.5928559999993,3.8751193666617985,1.5580633035962526,0.690149520259328,0.25008836400229206
solution_6_obj=6_h_lns_mip.log,6,6,0.530287,3606.176671,0.291002,0,0.08527116750233137,0.44764901023847725,0.30723852306687893,0.763274214730435,1027.9698099999991,2.9732159274318635,0.5569067571677483,0.22382450511923865,0.2747652051723068
solution_5_obj=1_h_lns_mip.log,5,1,0.140482,3603.601245,12.242644,0,0.12318542842958527,0.6630294696803607,0.4469522020255144,0.6081234108852576,1271.677175999999,3.086529715529452,0.8027471979107681,0.33151473484018035,0.27285596444679217
solution_44_obj=6_h_lns_mip.log,44,6,1.0,3623.057588,0.306577,0,0.08698037542688081,0.308365866510556,0.2202991508889563,0.8590928989063275,3044.170632999998,2.0148305236097768,0.40499193564368535,0.154182933255278,0.39285432195501685
solution_39_obj=1_h_lns_mip.log,39,1,0.047506,3601.526741,5.645295,0,0.06805991810744019,0.48872758373638703,0.3276339622848653,0.7491844856427177,873.4364309999991,2.37841496360064,0.5786058371623964,0.24436379186819351,0.20565425652601316
solution_9_obj=5_h_lns_mip.log,9,5,0.499132,3604.7841,0.25825,0,0.04870018107651194,0.1816217545434339,0.14397205283728365,0.9219242518853622,1228.192055999999,1.802239974782736,0.29101170496388895,0.09081087727171695,0.334878737335481
solution_11_obj=0_h_lns_mip.log,11,0,0.04756,3618.229769,50.690645,0,0.18111548729926288,1.2866757916385223,0.7110180112565382,0.3079970730049117,2723.6326389999967,3.9412832142785983,1.498927650586226,0.6433378958192612,0.25345336828288917
solution_16_obj=6_h_lns_mip.log,16,6,0.385195,3624.077295,0.325234,0,0.09583953323487658,0.31803598733959687,0.2231708563424534,0.8454955560196603,3232.520787999998,1.727101504972688,0.42747903772548695,0.15901799366979844,0.42729743986989255
solution_38_obj=6_h_lns_mip.log,38,6,0.449245,3606.029272,0.275456,0,0.07376219578495988,0.3140976506221475,0.22205614409010666,0.8446664520611795,1336.2267589999994,1.93230248961707,0.42883478724206947,0.15704882531107375,0.32885635354218373
solution_38_obj=1_h_lns_mip.log,38,1,0.178633,3603.064844,8.961926,0,0.09544266183769493,0.564662103945877,0.37809549980895857,0.6968689843404255,1105.8293189999993,2.5501441397919535,0.6595376909561363,0.28233105197293845,0.24990573880688988
solution_36_obj=9_h_lns_mip.log,36,9,0.0,106.786428,49.457143,1,0.0,0.0,0.0,1.0,3808.2000110000004,0.0,0.0,0.0,1.0
solution_45_obj=4_h_lns_mip.log,45,4,0.493319,3624.100804,0.836644,0,0.09140153641535784,0.21026648353089744,0.13327822336714518,0.9371662154707853,4797.557534000005,1.1946510702687145,0.25893353306934286,0.10513324176544872,0.6823660042552655
solution_34_obj=9_h_lns_mip.log,34,9,0.0,114.996611,48.771429,1,0.0,0.0,0.0,1.0,3755.3999559999997,0.0,0.0,0.0,1.0
solution_45_obj=3_h_lns_mip.log,45,3,1.903844,3604.973731,-53740.86677,0,0.2178792595006499,1.079786453606383,0.5932116052035797,0.4402454346427762,2687.478654,2.6927978658586937,1.1275904569315542,0.5398932268031916,0.36545114981145554
solution_19_obj=3_h_lns_mip.log,19,3,1.931174,3612.957081,-50019.234351,0,0.2213499271414864,1.0813556800731536,0.5909750592515504,0.44034746100411387,3355.3754709999994,2.6396096052846705,1.1273570651272868,0.5406778400365768,0.3726776182140579
solution_7_obj=2_h_lns_mip.log,7,2,3.217109,3601.709169,-381.429604,0,0.18880071350672695,1.3671166305285858,0.7128168502999044,0.29937344112333575,1269.7635089999987,3.7494174368625792,1.5298070691799281,0.6835583152642929,0.2622170145010148
solution_8_obj=8_h_lns_mip.log,8,8,0.087409,3607.844553,0.138934,0,0.12019657673801276,1.3203459840874279,0.7547007453000079,0.24750894563153786,863.8428469999994,6.142594119453327,1.7436335651325037,0.6601729920437139,0.15767125143533567
solution_45_obj=5_h_lns_mip.log,45,5,0.251793,3610.675712,0.26409,0,0.033397555271460724,0.09083563340139249,0.07598262049240705,0.9662516185902147,3104.4042539999978,1.6562500134660438,0.18688797448910408,0.045417816700696244,0.4373443200530948
solution_12_obj=9_h_lns_mip.log,12,9,0.0,666.413078,94.2,1,0.0,0.0,0.0,1.0,7253.399614999997,0.0,0.0,0.0,1.0
solution_17_obj=1_h_lns_mip.log,17,1,0.146243,3610.85412,18.83373,0,0.10667346504011074,0.6563764913097353,0.4359852705471934,0.6293742850922369,2168.6166949999983,2.9901189741707594,0.7673849489174712,0.32818824565486765,0.2434488155567661
solution_9_obj=2_h_lns_mip.log,9,2,3.673645,3601.460839,-422.303225,0,0.14062670517500525,1.5128130927545391,0.7892077289524128,0.2148271937736747,910.0560559999994,5.577038178910266,1.9117803664153639,0.7564065463772696,0.17640531512286994
solution_38_obj=7_h_lns_mip.log,38,7,0.531084,3603.771864,0.203278,0,0.04380354579786694,0.17985546715709777,0.12654281809051313,0.9361375172531533,1337.2313989999996,1.9388962236846552,0.26118791218238047,0.0899277335785489,0.3426943622266233
solution_19_obj=7_h_lns_mip.log,19,7,0.512365,3608.941745,0.274401,0,0.08882830955616045,0.2951505275810466,0.21241311661789783,0.867293615511373,3339.301230999999,1.7748917379951816,0.3911675625902879,0.1475752637905233,0.4160956226039936
solution_16_obj=2_h_lns_mip.log,16,2,4.071673,3606.20274,-692.802282,0,0.20452487963577526,1.2322322266530032,0.6624543765413112,0.3619004221824674,2827.315987999998,3.201695823003657,1.32785203584368,0.6161161133265016,0.30719437057701293
solution_2_obj=2_h_lns_mip.log,2,2,3.306537,3601.773218,-354.380339,0,0.202248430711325,1.2768099194981655,0.682241619129425,0.33769008582804594,1587.2351459999998,3.353134247116986,1.400462463052933,0.6384049597490827,0.2934824566400846
solution_42_obj=5_h_lns_mip.log,42,5,0.297484,3616.687655,0.30003,0,0.05298518510580434,0.1367784744779513,0.11379765317846918,0.93816365557534,3448.8946659999992,1.8657789857629574,0.25673353550385025,0.06838923723897564,0.46328072423069405
solution_45_obj=8_h_lns_mip.log,45,8,1.0,3626.5665,0.202229,0,0.15529407862439484,0.9706020109354583,0.6201425969608133,0.4069613732800065,2500.615613999997,3.9479746215505065,1.2071601647161216,0.4853010054677292,0.2491646421138158
solution_4_obj=6_h_lns_mip.log,4,6,0.516988,3606.861098,0.291134,0,0.08532266059467354,0.43751134865431146,0.3081509526400643,0.7615883292745854,1154.6526739999993,2.675811130950506,0.5595045407624666,0.2187556743271557,0.274117062644268
solution_15_obj=9_h_lns_mip.log,15,9,0.0,671.083262,94.571429,1,0.0,0.0,0.0,1.0,7281.999185999999,0.0,0.0,0.0,1.0
solution_13_obj=8_h_lns_mip.log,13,8,1.0,3625.20782,0.16939,0,0.1355426155109201,1.0568947160685096,0.6635848114753177,0.34480370769428453,2086.865815999999,4.836054079061339,1.3784777227790919,0.5284473580342548,0.20323687357087913
solution_13_obj=6_h_lns_mip.log,13,6,0.484802,3619.052452,0.306748,0,0.09351991743179403,0.37421450336367373,0.27446617810029716,0.793690831797356,2561.390775999999,2.7540177738243106,0.5098396205132213,0.18710725168183684,0.3390301802892152
solution_13_obj=3_h_lns_mip.log,13,3,2.273439,3605.39526,-50296.08274,0,0.2054467566749273,1.1629138518364899,0.6342525834302076,0.39544102751106536,2336.3514159999977,3.050751507105469,1.2364554483203596,0.5814569259182449,0.3222998663813039
solution_16_obj=7_h_lns_mip.log,16,7,0.544888,3619.325209,0.260176,0,0.06777522193411499,0.21883050699571913,0.15096872349890714,0.9263394616757131,3377.8587079999966,1.6317544404149558,0.281989126086301,0.10941525349785956,0.4466908394104135
solution_11_obj=1_h_lns_mip.log,11,1,0.101504,3624.109482,28.049906,0,0.1178021851961524,0.5459578580728515,0.3738782911106351,0.7007947524140656,2721.288479000001,2.5113601425800325,0.6534151239999192,0.27297892903642573,0.31350623199325445
solution_8_obj=6_h_lns_mip.log,8,6,0.59047,3604.991861,0.308811,0,0.0963138615601588,0.4440429063647007,0.30517613736416915,0.76638930557048,1204.0809269999993,2.223557621600421,0.5521049517488391,0.2220214531823503,0.31244488434813217
solution_2_obj=9_h_lns_mip.log,2,9,0.0,109.384986,51.257143,1,0.0,0.0,0.0,1.0,3946.799625999999,0.0,0.0,0.0,1.0
solution_3_obj=3_h_lns_mip.log,3,3,1.253062,3601.604293,-35661.563048,0,0.17045308021571418,1.3532153051075648,0.7355493275742122,0.2856381534860592,1007.6634539999993,4.275711693256187,1.5814338014505986,0.6766076525537824,0.22941839940235895
solution_11_obj=6_h_lns_mip.log,11,6,1.0,3626.538217,0.304403,0,0.08687975940955549,0.3105284384200198,0.22556351578750738,0.853666565173742,2834.8127989999984,1.8078784543117525,0.4140260309965423,0.1552642192100099,0.38324176811441235
solution_45_obj=1_h_lns_mip.log,45,1,0.135063,3609.747962,26.435966,0,0.12516838044574305,0.6454732538861523,0.4302449927707124,0.6339261177464026,2505.3039339999987,2.9077679069860936,0.759915057415538,0.32273662694307614,0.2894688854865693
solution_46_obj=3_h_lns_mip.log,46,3,2.190333,3607.952029,-48556.480714,0,0.2174812455957005,1.0659470787779965,0.5883268813706009,0.4463265270832312,2782.905628999998,2.6755118997581184,1.1137828041277194,0.5329735393889983,0.36781225917061344
solution_5_obj=5_h_lns_mip.log,5,5,0.26731,3602.570898,0.255129,0,0.029923549623587814,0.09381077282360739,0.07113542490130809,0.9681386250201567,1548.9578159999994,1.364027754421285,0.18141094404661412,0.0469053864118037,0.4164495280438957
solution_11_obj=2_h_lns_mip.log,11,2,4.186437,3605.360516,-673.736248,0,0.2062396666907902,1.246169427763242,0.6548052917103698,0.3635648319497588,2898.774878999998,3.1375009176556374,1.3230801430049368,0.623084713881621,0.3133885308429967
solution_1_obj=8_h_lns_mip.log,1,8,0.076528,3609.525868,0.119491,0,0.10610990216635019,1.4059792918042024,0.7905993021513242,0.1949408531622139,659.7923429999993,7.272492564411747,2.0321813581823327,0.7029896459021012,0.1328723701865625
solution_10_obj=9_h_lns_mip.log,10,9,0.0,100.853444,48.4,1,0.0,0.0,0.0,1.0,3726.799923,0.0,0.0,0.0,1.0
solution_40_obj=7_h_lns_mip.log,40,7,0.54026,3604.472995,0.184872,0,0.036772066063190174,0.16410496043918635,0.11121676678528086,0.9575833756374,1228.056431,1.1315785868395734,0.2104649365137862,0.08205248021959319,0.3273278522189162
solution_18_obj=4_h_lns_mip.log,18,4,0.486697,3623.286717,0.90552,0,0.15986714550868347,0.7692946835839243,0.4884901307514098,0.5732107373392282,3018.198511999997,2.7791833227577367,0.8628783726393634,0.38464734179196214,0.32563157322433056
solution_20_obj=4_h_lns_mip.log,20,4,0.503566,3614.95962,0.86162,0,0.15955875381844806,0.83922875797234,0.5170280456393652,0.53998414042043,2812.155177999999,2.803305014133584,0.9229876714139864,0.41961437898617,0.30706450334436286
solution_9_obj=9_h_lns_mip.log,9,9,0.0,91.86837,45.028571,1,0.0,0.0,0.0,1.0,3467.1997359999996,0.0,0.0,0.0,1.0
solution_40_obj=3_h_lns_mip.log,40,3,1.589598,3601.423585,-30105.946789,0,0.17218627854707458,1.41269631794989,0.7446868286577896,0.2691905080364894,1015.7425109999996,4.2954324935635295,1.6476775283741631,0.706348158974945,0.22890752085523655
solution_12_obj=4_h_lns_mip.log,12,4,0.516687,3625.502583,0.885836,0,0.13314902974233006,0.31259215135155827,0.1994393478826946,0.8735741064698699,4923.304575,1.3236326973106587,0.3804242030943693,0.15629607567577913,0.6642785688987637
solution_17_obj=6_h_lns_mip.log,17,6,0.469179,3621.246359,0.304577,0,0.09133380068741737,0.3694224346761512,0.26110221071725886,0.8165031989631295,2533.970775,2.1718620416080037,0.47406217357952696,0.1847112173380756,0.3480519427021935
solution_1_obj=4_h_lns_mip.log,1,4,0.425573,3607.085635,0.592365,0,0.020480264259169368,0.055352104110807133,0.03631239829135261,0.9937288499810735,1883.443863,0.5421549256383362,0.07944007505928044,0.027676052055403563,0.5583619526834194
solution_8_obj=2_h_lns_mip.log,8,2,2.713544,3603.342072,-419.383991,0,0.14434670158120097,1.5132862707765982,0.791218139524444,0.2113630342820939,940.5303669999995,5.448099144499547,1.9316304700395304,0.7566431353882991,0.18061167638456763
solution_16_obj=3_h_lns_mip.log,16,3,1.909713,3605.751971,-52505.366559,0,0.2157274353330883,1.0832320865113951,0.5991644071507366,0.4358769557729691,2910.031347999998,2.7462042146753256,1.1376402939955534,0.5416160432556976,0.3582469111894709
solution_11_obj=9_h_lns_mip.log,11,9,0.0,507.004568,89.457143,1,0.0,0.0,0.0,1.0,6888.200319000002,0.0,0.0,0.0,1.0
solution_37_obj=9_h_lns_mip.log,37,9,0.0,86.279509,46.4,1,0.0,0.0,0.0,1.0,3572.800077000001,0.0,0.0,0.0,1.0
solution_19_obj=5_h_lns_mip.log,19,5,0.241206,3615.454022,0.275965,0,0.043974543776595605,0.11986688620628094,0.10126922101249819,0.9386562420578781,3467.225390999998,2.170201776711582,0.2556418210017858,0.05993344310314047,0.43206287774556773
solution_46_obj=7_h_lns_mip.log,46,7,0.590895,3612.049967,0.275237,0,0.09492168355730458,0.34010899626474145,0.24441988384159954,0.8359397952600701,2796.9705889999977,1.9639295743336371,0.4430106066883957,0.17005449813237072,0.38641322324138905
solution_36_obj=4_h_lns_mip.log,36,4,0.544806,3604.118939,0.712477,0,0.024698976119993568,0.05584157500216261,0.03625887157716697,0.993221073462962,2551.395370999999,0.37086067821581775,0.08261473249937105,0.027920787501081307,0.6743725134069389
solution_37_obj=1_h_lns_mip.log,37,1,0.172854,3601.871597,6.246669,0,0.08781080625985672,0.6646927296485388,0.44061224181086295,0.6231674409282218,909.8343169999993,2.8904032099966726,0.7776278976219485,0.3323463648242694,0.19729977959753497
solution_35_obj=0_h_lns_mip.log,35,0,0.012111,3605.191323,19.152957,0,0.14921583176220837,1.3902938593927487,0.7712837361379933,0.23853272532458833,1082.931359999999,5.217706210121286,1.786699997018328,0.6951469296963744,0.19152961034064436
solution_42_obj=1_h_lns_mip.log,42,1,0.104786,3605.833856,30.195139,0,0.12920119209438377,0.5960905053641706,0.40596190683218825,0.6642042129206583,2907.7285860000006,2.818025540152851,0.711028172236793,0.2980452526820853,0.31666810104686893
solution_12_obj=1_h_lns_mip.log,12,1,0.167444,3612.635273,26.767097,0,0.12619961013204145,0.6300846167515199,0.43286791811100994,0.6287531571813434,2616.6511349999982,3.3575489867590997,0.7684069691509451,0.31504230837575997,0.29008528197088584
solution_3_obj=6_h_lns_mip.log,3,6,0.523254,3604.616828,0.284209,0,0.0813674806011595,0.4462002395727517,0.2990787074019528,0.7709980392061285,1050.193213999999,2.0426737904628642,0.5449955594116741,0.22310011978637584,0.2693398219315083
solution_43_obj=3_h_lns_mip.log,43,3,1.886384,3610.702631,-53945.32937,0,0.20818013361167426,1.196865659075533,0.6421302643614404,0.38402838321141347,2857.9028239999975,3.048089644530759,1.2664810282517618,0.5984328295377666,0.32258132724768424
solution_9_obj=8_h_lns_mip.log,9,8,0.071685,3609.816518,0.137355,0,0.11145018819761897,1.0893603206257945,0.6758303080690246,0.33214586903171534,861.8333359999993,6.025437873218559,1.4180004889830762,0.5446801603128971,0.16325945285125204
solution_37_obj=8_h_lns_mip.log,37,8,0.094217,3610.066318,0.140319,0,0.11071517860956412,1.0389091770463483,0.645048026376133,0.3647293518248353,908.1599169999992,5.697992670094911,1.3197571923661102,0.5194545885231742,0.1699222729805793
solution_36_obj=0_h_lns_mip.log,36,0,0.033162,3607.950048,21.019901,0,0.15817226546262544,1.3483405681412894,0.7449631962752398,0.2732406264887827,1229.6240109999987,4.753473369450768,1.6308825455219464,0.6741702840706446,0.2101990321011011
solution_50_obj=9_h_lns_mip.log,50,9,0.0,514.593278,90.371429,1,0.0,0.0,0.0,1.0,6958.599648000002,0.0,0.0,0.0,1.0
solution_20_obj=2_h_lns_mip.log,20,2,4.054032,3623.867174,-698.061292,0,0.19916127968632164,1.286331979471103,0.6791638862049626,0.33854433298086534,2884.1543779999997,3.3727153012215187,1.3977921483131175,0.6431659897355516,0.29177857850364086
solution_18_obj=2_h_lns_mip.log,18,2,4.152296,3608.206694,-675.505359,0,0.21030662781160905,1.2448050482787012,0.6529079662578644,0.3644659789404477,3010.161391999998,3.070499381136873,1.3205075976195002,0.6224025241393505,0.32049707690334356
solution_36_obj=3_h_lns_mip.log,36,3,2.027054,3601.687945,-26322.37527,0,0.18892737941075916,1.3260315865172396,0.7051033703454151,0.31571347332476624,1294.5907309999984,3.7094841633897433,1.4722190614316992,0.6630157932586198,0.2652633833320418
solution_19_obj=6_h_lns_mip.log,19,6,1.0,3623.54378,0.313372,0,0.0897428476533363,0.30438152981603495,0.21899097656695427,0.859990698847679,3303.4690709999986,2.0285530037423616,0.4034888768392341,0.15219076490801745,0.4077525696031143
solution_42_obj=8_h_lns_mip.log,42,8,0.048629,3631.647702,0.21954,0,0.17324155765193144,1.0827785605515903,0.6484203052750148,0.38261538877138956,2907.728585999999,3.7013154710545626,1.2702718776319843,0.5413892802757951,0.2658389141446835
solution_9_obj=0_h_lns_mip.log,9,0,0.077489,3604.855979,15.464647,0,0.125294038884695,1.4577282700795238,0.8020946391817859,0.19593553138824074,868.5309359999992,6.46212801440321,2.025763939691554,0.7288641350397619,0.1546464624453562
solution_11_obj=8_h_lns_mip.log,11,8,1.0,3623.432091,0.215688,0,0.15763564417857703,0.9110864478314666,0.5729776881391336,0.474898960603541,2723.2977589999964,3.5223736192176194,1.05152797072286,0.45554322391573326,0.2737409661920365
solution_31_obj=4_h_lns_mip.log,31,4,0.501937,3603.578547,0.46538,0,0.020947211419620616,0.07318518171242579,0.04813377495248799,0.9893428396821203,1326.6748250000003,0.5256502460280222,0.1037880475288658,0.0365925908562129,0.4308355063755995
solution_3_obj=9_h_lns_mip.log,3,9,0.0,99.361634,46.557143,1,0.0,0.0,0.0,1.0,3584.899933999999,0.0,0.0,0.0,1.0
solution_36_obj=1_h_lns_mip.log,36,1,0.128762,3603.155758,9.850643,0,0.10515891817798352,0.6166819957998715,0.40656368403380133,0.6656422511425553,1233.3076909999993,2.2548529461421736,0.7087372448212035,0.3083409978999358,0.25606647392428733
solution_5_obj=6_h_lns_mip.log,5,6,0.427698,3607.626847,0.324928,0,0.10623092569193994,0.40153374397977976,0.3046829657148705,0.747855586410007,1382.1875759999998,2.8491482267545134,0.5806518368061276,0.20076687198988985,0.345173929196421
solution_44_obj=3_h_lns_mip.log,44,3,2.214037,3609.009201,-47596.063107,0,0.21567289698469078,1.0991333627142064,0.6034837033717546,0.429540890278014,2936.674152999997,2.7674512618602822,1.1524179214310701,0.5495666813571032,0.35559292040662355
solution_14_obj=5_h_lns_mip.log,14,5,0.454627,3615.987394,0.371724,0,0.09904240831912979,0.28549663221978394,0.2151910812818592,0.8542891567274497,3492.9058149999987,2.10228760601884,0.4129937589750818,0.14274831610989194,0.4579520475035562
solution_15_obj=1_h_lns_mip.log,15,1,0.16563,3606.865529,27.76649,0,0.13452690544687257,0.7040893789258873,0.467931687529931,0.5893980414425558,2624.153265999999,3.0610586224557297,0.8346533947763229,0.35204468946294365,0.28605515396106773
solution_37_obj=4_h_lns_mip.log,37,4,0.620466,3603.392899,0.669764,0,0.03464637264889627,0.08437005833257201,0.05560086364813611,0.9790664540284205,2226.917357,1.076770617209521,0.14622287377336837,0.04218502916628601,0.6168952543519917
solution_10_obj=0_h_lns_mip.log,10,0,0.023013,3605.460558,17.569459,0,0.1370723840662568,1.364642763848289,0.7723730193200292,0.23461106277548677,1000.5418429999986,5.687006316253836,1.8062041963653357,0.6823213819241445,0.17569445958257554
solution_36_obj=5_h_lns_mip.log,36,5,0.371268,3603.834631,0.257626,0,0.027196879948592607,0.07717094421194699,0.061460908932905484,0.9797908192245394,1697.4513709999999,1.0739890385257294,0.14361760217501113,0.038585472105973496,0.4380818900433047
solution_14_obj=2_h_lns_mip.log,14,2,4.015364,3608.674241,-687.081574,0,0.20637647713480536,1.2639969393261319,0.6668533491321033,0.3515099878394288,2933.9910949999976,3.1954931218849243,1.3582596867593428,0.6319984696630659,0.30793066424031784
solution_14_obj=1_h_lns_mip.log,14,1,0.134391,3612.546044,28.934335,0,0.12469172538780789,0.5794766912175658,0.39910227423192673,0.66798926847376,2766.551094999998,2.810898146517146,0.7050035730757719,0.2897383456087829,0.31086835323010376
solution_1_obj=7_h_lns_mip.log,1,7,0.703802,3602.054024,0.220468,0,0.05054846463169619,0.18269090750100764,0.1348688835047296,0.9301128225329875,1267.264663,1.7835473760676608,0.27411382174735704,0.09134545375050382,0.3710491158890937
solution_12_obj=3_h_lns_mip.log,12,3,2.212262,3620.667305,-48413.703875,0,0.2197999723710751,1.0432629625626995,0.5803342850487249,0.4565244542713987,2827.6255350000006,2.6113230451449216,1.0910834811335355,0.5216314812813496,0.37685344144515026
solution_33_obj=4_h_lns_mip.log,33,4,0.519328,3604.503727,0.508629,0,0.03098384314946746,0.10104583006913598,0.06671218549047878,0.9788990770883612,1588.9669459999996,0.9176638575796225,0.1468188323855911,0.05052291503456799,0.4597961300840771
solution_7_obj=6_h_lns_mip.log,7,6,0.408448,3604.739427,0.306981,0,0.0908703783183438,0.3497944996722913,0.24159111937748584,0.8325868339644741,1507.1934289999992,1.8783805777956986,0.44841490040149024,0.17489724983614566,0.3723716118662244
solution_7_obj=5_h_lns_mip.log,7,5,0.267464,3603.189851,0.248679,0,0.03491586027157007,0.10543502367075146,0.08819746589095959,0.9547643301214979,1482.0774290000002,1.6571047435632955,0.21766691411947542,0.05271751183537573,0.39192397785657507
solution_18_obj=7_h_lns_mip.log,18,7,0.528074,3616.677861,0.25877,0,0.06573498942207136,0.21024540448756832,0.14604887901194288,0.9302993748272286,3415.366191999997,1.757410660622492,0.2737202778587706,0.10512270224378417,0.44783852445463185
solution_15_obj=2_h_lns_mip.log,15,2,4.050885,3609.004883,-709.132837,0,0.20357665178314258,1.2705703535536406,0.6742411873788956,0.34506953708322846,2832.783505999999,3.275648688987922,1.3776670932654798,0.6352851767768203,0.3004247920713216
solution_49_obj=9_h_lns_mip.log,49,9,0.0,553.513133,92.828571,1,0.0,0.0,0.0,1.0,7147.799890000001,0.0,0.0,0.0,1.0
solution_31_obj=5_h_lns_mip.log,31,5,0.40416,3602.53536,0.185878,0,0.023617737513941583,0.10114575866730222,0.08640321788322002,0.9567306246707146,849.8057049999993,1.7514181900097094,0.21266473281861278,0.0505728793336511,0.27060983041631514
solution_32_obj=9_h_lns_mip.log,32,9,0.0,88.839635,45.271429,1,0.0,0.0,0.0,1.0,3485.899724999999,0.0,0.0,0.0,1.0
solution_39_obj=8_h_lns_mip.log,39,8,0.068965,3607.333742,0.138899,0,0.11167125870154795,1.0657422807812882,0.6654799715964219,0.3371418807797147,873.7713109999988,5.912700683570647,1.4021805464161927,0.5328711403906441,0.1661275332589263
solution_3_obj=4_h_lns_mip.log,3,4,0.601264,3604.237433,0.689351,0,0.02744500929312894,0.06626451032789603,0.04207578107833026,0.9926525845667994,2321.062814,0.4084515287658644,0.08603371158619028,0.033132255163948014,0.6457529368169159
solution_17_obj=5_h_lns_mip.log,17,5,0.395056,3608.244477,0.271023,0,0.04868825993440474,0.146538668265208,0.12248784115731762,0.9203976349612407,2807.9026150000004,2.178507706773458,0.2940866014348931,0.073269334132604,0.39550716362543503
solution_17_obj=3_h_lns_mip.log,17,3,1.840055,3605.462755,-52586.301302,0,0.20148489737891226,1.221222965621581,0.6577320005551968,0.3672835220261295,2388.2979749999977,3.2258959315222,1.3125137152790196,0.6106114828107906,0.30480115415213804
solution_13_obj=9_h_lns_mip.log,13,9,0.0,537.593347,88.028571,1,0.0,0.0,0.0,1.0,6778.199735999998,0.0,0.0,0.0,1.0
solution_38_obj=2_h_lns_mip.log,38,2,3.073565,3601.576002,-401.717705,0,0.17553875190346024,1.4303953355443453,0.7375692671049511,0.27074820435206504,1180.5075589999985,4.171868159719395,1.6411790372181598,0.7151976677721725,0.23561633074347685
solution_7_obj=4_h_lns_mip.log,7,4,0.525098,3616.270568,0.768628,0,0.027683228001986547,0.058667863932938005,0.037880240886163034,0.993993540373032,2646.1203090000013,0.33703670717492074,0.07773516059071615,0.029333931966469003,0.7235010939958885
solution_32_obj=1_h_lns_mip.log,32,1,0.226198,3601.663082,5.625744,0,0.08979293095980617,0.7788532983935144,0.5042493293987721,0.5524389140469463,798.4877249999993,3.1245205857043308,0.9000860441889935,0.38942664919675724,0.1762917597851837
solution_4_obj=9_h_lns_mip.log,4,9,0.0,110.912722,49.714286,1,0.0,0.0,0.0,1.0,3827.9997139999987,0.0,0.0,0.0,1.0
solution_40_obj=5_h_lns_mip.log,40,5,0.346255,3604.933508,0.211453,0,0.02963208000497893,0.11506658790878209,0.09529541948771449,0.9357737218048098,1124.5785109999995,2.0729337828631658,0.2619816996810441,0.05753329395439105,0.3078401812241417
solution_35_obj=4_h_lns_mip.log,35,4,0.589288,3605.503567,0.717309,0,0.026795576093519045,0.06197817204431499,0.03918808140646115,0.9913505942985585,2531.95712,0.5193319105803061,0.09340701604999176,0.03098908602215749,0.6769308264275057
solution_34_obj=7_h_lns_mip.log,34,7,0.542236,3602.492073,0.217036,0,0.04543703290084369,0.16895791420666004,0.11523439770805163,0.9562860196176376,1539.8338759999992,1.0459718700992162,0.21380422012573577,0.08447895710333002,0.3903579440385454
solution_39_obj=7_h_lns_mip.log,39,7,0.592929,3603.483573,0.190104,0,0.0361092566155183,0.15783059391930587,0.11452815943832305,0.9319271938749699,1153.3961109999996,2.1191391069627685,0.2702687508886218,0.07891529695965295,0.31213427531431603
solution_35_obj=9_h_lns_mip.log,35,9,0.0,98.42819,48.0,1,0.0,0.0,0.0,1.0,3695.999999999999,0.0,0.0,0.0,1.0
solution_1_obj=6_h_lns_mip.log,1,6,0.606716,3605.440983,0.312101,0,0.09835211943736737,0.443198452456873,0.3183030258032952,0.7516474575132764,1114.5593829999993,2.5702903925409246,0.5748138301540126,0.2215992262284365,0.30589906582655485
solution_42_obj=3_h_lns_mip.log,42,3,2.113608,3607.249558,-48640.213959,0,0.22208871050571846,1.0494926504068707,0.5780596045114038,0.4561234913107868,3015.894826000002,2.574282149586521,1.091965533325271,0.5247463252034353,0.38227591969511043
solution_10_obj=4_h_lns_mip.log,10,4,0.550172,3604.574311,0.667244,0,0.02015120461984097,0.04727259551600383,0.03170686835605592,0.9944602517555887,2351.4477630000006,0.5463676388288119,0.07463650588255577,0.023636297758001915,0.6291915161603199
solution_4_obj=4_h_lns_mip.log,4,4,0.594325,3605.684071,0.695564,0,0.02955160234123616,0.07018005657519796,0.04453281310031592,0.9886509336439252,2506.898114,0.6178740817917432,0.10714171091609306,0.035090028287598975,0.6569557205362326
